hamming_distance,removed_path,removed_split,protected_path,protected_split,reason
4,train\Blueberry___healthy\a0fef3ff-ee9a-4e33-a5e2-7c09e93a727d___RS_HL 4948.JPG,train,val\Blueberry___healthy\8373d4c7-1978-4ec0-ab79-fccfefba9917___RS_HL 0313.JPG,validation,strict_cross_split_dhash_quarantine
4,train\Corn_(maize)___Northern_Leaf_Blight\3513a96e-7db5-4a2b-9dd8-79847c92e75b___RS_NLB 4045 copy 2.jpg,train,train\Corn_(maize)___Northern_Leaf_Blight\9943cc83-f708-487b-b45e-a9ac23ee3973___RS_NLB 4045.JPG,test,strict_cross_split_dhash_quarantine
2,train\Corn_(maize)___Northern_Leaf_Blight\b7ec2193-2a49-43b9-9962-7a13d472e668___RS_NLB 4044.JPG,train,train\Corn_(maize)___Northern_Leaf_Blight\83327a8d-9bfd-49d6-9fc9-bc065a379bce___RS_NLB 4044 copy 2.jpg,test,strict_cross_split_dhash_quarantine
4,train\Grape___Esca_(Black_Measles)\49c6ee9e-8bc4-4187-82db-b9caba8bb168___FAM_B.Msls 1134.JPG,train,train\Grape___Esca_(Black_Measles)\ffc0847a-e88d-4332-8c7c-4b63ba65a471___FAM_B.Msls 1130.JPG,test,strict_cross_split_dhash_quarantine
4,train\Grape___Leaf_blight_(Isariopsis_Leaf_Spot)\9be77817-23c5-469e-8363-eb1d115f9bb0___FAM_L.Blight 1470.JPG,train,train\Grape___Leaf_blight_(Isariopsis_Leaf_Spot)\c08c3e56-4192-40a6-9b51-8733e642dafa___FAM_L.Blight 1422.JPG,test,strict_cross_split_dhash_quarantine
4,train\Grape___healthy\dcf0b467-3d86-49b9-991e-00f5b82465c7___Mt.N.V_HL 8935.JPG,train,train\Grape___healthy\94ff1dad-4284-4b83-ae37-988cc12c2006___Mt.N.V_HL 8939.JPG,test,strict_cross_split_dhash_quarantine
3,train\Orange___Haunglongbing_(Citrus_greening)\26680011-8f2c-4099-b7ff-574a349d1146___CREC_HLB 7242.JPG,train,train\Orange___Haunglongbing_(Citrus_greening)\bfc23629-c9cd-4c81-b6b0-d11f07dbc204___CREC_HLB 7824.JPG,test,strict_cross_split_dhash_quarantine
4,train\Orange___Haunglongbing_(Citrus_greening)\67c00966-9be7-4fea-a944-9e936837e3de___CREC_HLB 4766.JPG,train,train\Orange___Haunglongbing_(Citrus_greening)\11281e98-333a-4252-9e79-be353024a033___CREC_HLB 4776.JPG,test,strict_cross_split_dhash_quarantine
4,train\Orange___Haunglongbing_(Citrus_greening)\ba8af517-ae00-474e-b6a7-9b5031419cf4___CREC_HLB 4220.JPG,train,val\Orange___Haunglongbing_(Citrus_greening)\634f2182-7b79-4cd4-8272-316e26c2a855___CREC_HLB 4160.JPG,test,strict_cross_split_dhash_quarantine
2,train\Peach___Bacterial_spot\50e07867-1835-4031-9752-b5c62bb94f12___Rut._Bact.S 1277.JPG,train,train\Peach___Bacterial_spot\4fd4fd59-b5ad-4ff5-9c3b-3d5c74a23361___Rut._Bact.S 0767.JPG,test,strict_cross_split_dhash_quarantine
4,train\Peach___Bacterial_spot\640a41e4-32af-417b-8055-00012097725f___Rut._Bact.S 0856.JPG,train,train\Peach___Bacterial_spot\a2f81059-9171-41d2-acca-ef3d02d81438___Rut._Bact.S 1209.JPG,validation,strict_cross_split_dhash_quarantine
4,train\Peach___Bacterial_spot\a7b3c4d8-c94c-4cac-901b-fb6c9624e7a3___Rut._Bact.S 0970.JPG,train,train\Peach___Bacterial_spot\4fd4fd59-b5ad-4ff5-9c3b-3d5c74a23361___Rut._Bact.S 0767.JPG,test,strict_cross_split_dhash_quarantine
4,train\Peach___Bacterial_spot\bd21eadc-29b3-41a2-8754-5c561d3aff4a___Rut._Bact.S 1448.JPG,train,train\Peach___Bacterial_spot\a2524d53-667b-49d1-bda8-8515143b1293___Rutg._Bact.S 2300.JPG,test,strict_cross_split_dhash_quarantine
4,train\Peach___healthy\efa00530-b592-46d4-827a-1eb1a7498608___Rutg._HL 3619.JPG,train,train\Peach___healthy\aecb767a-7f12-4e1d-b411-6cc558777243___Rutg._HL 3573.JPG,test,strict_cross_split_dhash_quarantine
4,train\Soybean___healthy\2f99080a-2e4d-4d11-b658-8f60f64931cb___RS_HL 7161.JPG,train,val\Soybean___healthy\1920024b-9501-4176-bbca-456a07697894___RS_HL 3489.JPG,test,strict_cross_split_dhash_quarantine
4,train\Tomato___Late_blight\7f533ee8-1d72-486e-b2a6-b5ef2ac7cc88___GHLB2 Leaf 8837.JPG,train,train\Tomato___Late_blight\2159d0f7-09ef-46ad-ad49-749e8ce1becc___GHLB2 Leaf 8836.JPG,validation,strict_cross_split_dhash_quarantine
3,train\Tomato___Late_blight\bf0b58c2-1d95-4f37-80ea-1bcd82e9c59b___GHLB2 Leaf 145.4.JPG,train,train\Tomato___Late_blight\16e4a1f9-21c2-4c1a-bdbc-1336da74ba2c___GHLB2 Leaf 145.3.JPG,validation,strict_cross_split_dhash_quarantine
2,train\Tomato___Septoria_leaf_spot\17e3282e-f327-4245-95b1-a4fee7b33838___Matt.S_CG 2619.JPG,train,train\Tomato___Septoria_leaf_spot\a11dad0c-2ed0-4d57-bd0b-0b19a0d7f17c___Matt.S_CG 2622.JPG,test,strict_cross_split_dhash_quarantine
4,train\Tomato___Spider_mites Two-spotted_spider_mite\d83e3292-0be8-43b9-8215-4705a452a08a___Com.G_SpM_FL 1642.JPG,train,train\Tomato___Spider_mites Two-spotted_spider_mite\fa0f71aa-5583-4376-ab17-a755cf065aaf___Com.G_SpM_FL 1520.JPG,test,strict_cross_split_dhash_quarantine
4,train\Tomato___Spider_mites Two-spotted_spider_mite\fd71ebe5-4ce6-4b19-b71e-cb66b034c123___Com.G_SpM_FL 1282.JPG,train,train\Tomato___Spider_mites Two-spotted_spider_mite\fa0f71aa-5583-4376-ab17-a755cf065aaf___Com.G_SpM_FL 1520.JPG,test,strict_cross_split_dhash_quarantine
4,train\Tomato___Tomato_Yellow_Leaf_Curl_Virus\1240c7a7-a64a-4659-8849-5451c205208d___UF.GRC_YLCV_Lab 01888.JPG,train,train\Tomato___Tomato_Yellow_Leaf_Curl_Virus\08f78a80-46f5-45a6-937c-4d05d61c08c2___UF.GRC_YLCV_Lab 01895.JPG,test,strict_cross_split_dhash_quarantine
2,train\Tomato___Tomato_Yellow_Leaf_Curl_Virus\1240c7a7-a64a-4659-8849-5451c205208d___UF.GRC_YLCV_Lab 01888.JPG,train,val\Tomato___Tomato_Yellow_Leaf_Curl_Virus\fcdfc17c-1a1b-48df-8612-740f3a50fcbd___UF.GRC_YLCV_Lab 01892.JPG,test,strict_cross_split_dhash_quarantine
4,train\Tomato___Tomato_Yellow_Leaf_Curl_Virus\19ead445-c37c-4a22-b3fb-02510e66b553___UF.GRC_YLCV_Lab 01388.JPG,train,train\Tomato___Tomato_Yellow_Leaf_Curl_Virus\b379ab04-3780-4283-b388-2a038b773d79___UF.GRC_YLCV_Lab 01389.JPG,test,strict_cross_split_dhash_quarantine
3,train\Tomato___Tomato_Yellow_Leaf_Curl_Virus\2ed63cde-c59e-45df-a38b-ee87197908bb___UF.GRC_YLCV_Lab 01623.JPG,train,train\Tomato___Tomato_Yellow_Leaf_Curl_Virus\7c215f7a-4aaf-4461-a727-7e4777daa562___UF.GRC_YLCV_Lab 01624.JPG,test,strict_cross_split_dhash_quarantine
4,train\Tomato___Tomato_Yellow_Leaf_Curl_Virus\906f8e46-f387-4d39-9d7d-08df032222e0___UF.GRC_YLCV_Lab 02498.JPG,train,train\Tomato___Tomato_Yellow_Leaf_Curl_Virus\fa16f530-1e23-4a86-acb1-1ff53dd49e37___UF.GRC_YLCV_Lab 02499.JPG,validation,strict_cross_split_dhash_quarantine
4,train\Tomato___Tomato_Yellow_Leaf_Curl_Virus\a193e214-3a19-410d-8467-63eafff67aea___UF.GRC_YLCV_Lab 01457.JPG,train,train\Tomato___Tomato_Yellow_Leaf_Curl_Virus\89f4ab7d-764f-4df5-b244-51c50ce68836___UF.GRC_YLCV_Lab 01460.JPG,test,strict_cross_split_dhash_quarantine
3,train\Tomato___Tomato_Yellow_Leaf_Curl_Virus\c91b0581-41e8-48a5-9807-842ee3ba12ef___UF.GRC_YLCV_Lab 08495.JPG,train,train\Tomato___Tomato_Yellow_Leaf_Curl_Virus\46476c84-3651-4706-af74-ccda9fb43719___UF.GRC_YLCV_Lab 08496.JPG,test,strict_cross_split_dhash_quarantine
4,train\Tomato___Tomato_Yellow_Leaf_Curl_Virus\def16316-85f6-44e8-98fc-e48820caf2d9___UF.GRC_YLCV_Lab 02471.JPG,train,train\Tomato___Tomato_Yellow_Leaf_Curl_Virus\3809d16d-8e37-4acc-a22b-8089903525e1___UF.GRC_YLCV_Lab 02457.JPG,test,strict_cross_split_dhash_quarantine
4,train\Tomato___Tomato_Yellow_Leaf_Curl_Virus\ea824bff-58c4-402e-936c-70bc49912701___UF.GRC_YLCV_Lab 02667.JPG,train,train\Tomato___Tomato_Yellow_Leaf_Curl_Virus\5741aac8-276f-4654-afc7-ebb939c3d4b8___UF.GRC_YLCV_Lab 02665.JPG,test,strict_cross_split_dhash_quarantine
4,train\Tomato___Tomato_Yellow_Leaf_Curl_Virus\f390848d-e427-4c8e-8e93-0772e9f91fc8___UF.GRC_YLCV_Lab 01668.JPG,train,val\Tomato___Tomato_Yellow_Leaf_Curl_Virus\180ef991-3ed2-41d8-93b6-c1791d745669___UF.GRC_YLCV_Lab 01678.JPG,test,strict_cross_split_dhash_quarantine
3,train\Tomato___healthy\16c1b712-2c55-4a8d-899f-cc0e725d4835___GH_HL Leaf 314.JPG,train,train\Tomato___healthy\264a08a7-74a4-4492-aff1-8a3ab8b35c46___GH_HL Leaf 314.1.JPG,validation,strict_cross_split_dhash_quarantine
4,train\Tomato___healthy\973c9431-f521-462d-82fa-442196087ca8___GH_HL Leaf 204.1.JPG,train,val\Tomato___healthy\8d4a3b2d-bcef-4861-a0a0-c3cb0a1990ce___GH_HL Leaf 204.JPG,test,strict_cross_split_dhash_quarantine
3,val\Corn_(maize)___healthy\f73f38b8-0938-44f2-a229-6baa3114fe40___R.S_HL 0630 copy 3.jpg,train,train\Corn_(maize)___healthy\d2eeaaf5-97f6-4fc0-a2b5-09e98e483648___R.S_HL 0630 copy.jpg,validation,strict_cross_split_dhash_quarantine
4,val\Orange___Haunglongbing_(Citrus_greening)\f9f6905b-f565-4c06-ac24-bcf49604a07a___CREC_HLB 4567.JPG,train,train\Orange___Haunglongbing_(Citrus_greening)\7dc7d750-5166-4466-8d19-1065d6d53966___CREC_HLB 4859.JPG,test,strict_cross_split_dhash_quarantine
3,val\Tomato___Tomato_Yellow_Leaf_Curl_Virus\1d7ce115-b719-4236-948f-5640817b43c3___UF.GRC_YLCV_Lab 02829.JPG,train,val\Tomato___Tomato_Yellow_Leaf_Curl_Virus\8d6df373-91b8-4ae8-b358-e9d57a6f3d54___UF.GRC_YLCV_Lab 02828.JPG,validation,strict_cross_split_dhash_quarantine
4,train\Orange___Haunglongbing_(Citrus_greening)\e5e2cdea-35bb-4833-a48a-88bfdf0e9ab0___CREC_HLB 7571.JPG,validation,train\Orange___Haunglongbing_(Citrus_greening)\43a17ced-e9e8-459d-9bc3-65e8fafa75c0___CREC_HLB 3935.JPG,test,strict_cross_split_dhash_quarantine
4,train\Peach___Bacterial_spot\ece1262c-6f66-4c46-bc59-7d2db3b27273___Rutg._Bact.S 2384.JPG,validation,train\Peach___Bacterial_spot\09e1e0ed-2535-496e-885d-a51999b51820___Rut._Bact.S 0988.JPG,test,strict_cross_split_dhash_quarantine
3,train\Tomato___Late_blight\16e4a1f9-21c2-4c1a-bdbc-1336da74ba2c___GHLB2 Leaf 145.3.JPG,validation,train\Tomato___Late_blight\cebd5337-bb61-4454-93da-bba4169f0802___GHLB2 Leaf 145.JPG,test,strict_cross_split_dhash_quarantine
4,val\Orange___Haunglongbing_(Citrus_greening)\f3f03566-1426-45b3-a65d-020f82dabf9a___UF.Citrus_HLB_Lab 1533.JPG,validation,train\Orange___Haunglongbing_(Citrus_greening)\58bafe86-441f-4cba-a6e7-5dd2cdec7ebf___UF.Citrus_HLB_Lab 1749.JPG,test,strict_cross_split_dhash_quarantine
