path,plantdoc_source_class,mapped_true_index,mapped_true_class,predicted_index,predicted_class,confidence,correct
C:\Users\emire\Desktop\plant-disease-pytorch\data\external\PlantDoc-Windows\test\Apple Scab Leaf\052609 Hartman Crabapple scab single leaf.JPG__46a765a6a3.jpg,Apple Scab Leaf,0,Apple___Apple_scab,0,Apple___Apple_scab,0.88064015,True
C:\Users\emire\Desktop\plant-disease-pytorch\data\external\PlantDoc-Windows\test\Apple Scab Leaf\1b321015-6e33-4f18-aade-888f4383fe92.jpeg__1bda9ddebb.jpg,Apple Scab Leaf,0,Apple___Apple_scab,26,Strawberry___Leaf_scorch,0.84397995,False
C:\Users\emire\Desktop\plant-disease-pytorch\data\external\PlantDoc-Windows\test\Apple Scab Leaf\28-500x375__44c77bf618.jpg,Apple Scab Leaf,0,Apple___Apple_scab,26,Strawberry___Leaf_scorch,0.8886554,False
C:\Users\emire\Desktop\plant-disease-pytorch\data\external\PlantDoc-Windows\test\Apple Scab Leaf\816__2241b1cfd4.jpg,Apple Scab Leaf,0,Apple___Apple_scab,12,Grape___Esca_(Black_Measles),0.58801913,False
C:\Users\emire\Desktop\plant-disease-pytorch\data\external\PlantDoc-Windows\test\Apple Scab Leaf\apple scab leaf__8c4d5c0773.jpg,Apple Scab Leaf,0,Apple___Apple_scab,13,Grape___Leaf_blight_(Isariopsis_Leaf_Spot),0.996585,False
C:\Users\emire\Desktop\plant-disease-pytorch\data\external\PlantDoc-Windows\test\Apple Scab Leaf\apple scabnew__e3de348108.jpg,Apple Scab Leaf,0,Apple___Apple_scab,30,Tomato___Late_blight,0.8855962,False
C:\Users\emire\Desktop\plant-disease-pytorch\data\external\PlantDoc-Windows\test\Apple Scab Leaf\apple-scab-5366820__92a791d45c.jpg,Apple Scab Leaf,0,Apple___Apple_scab,29,Tomato___Early_blight,0.5121045,False
C:\Users\emire\Desktop\plant-disease-pytorch\data\external\PlantDoc-Windows\test\Apple Scab Leaf\apples_apple-scab_01_zoom__0acd999b70.jpg,Apple Scab Leaf,0,Apple___Apple_scab,0,Apple___Apple_scab,0.64733815,True
C:\Users\emire\Desktop\plant-disease-pytorch\data\external\PlantDoc-Windows\test\Apple Scab Leaf\apples_apple-scab_02_thm__129a22e572.jpg,Apple Scab Leaf,0,Apple___Apple_scab,13,Grape___Leaf_blight_(Isariopsis_Leaf_Spot),0.6202828,False
C:\Users\emire\Desktop\plant-disease-pytorch\data\external\PlantDoc-Windows\test\Apple Scab Leaf\apples_apple-scab_10_zoom__aaa04cd7e7.jpg,Apple Scab Leaf,0,Apple___Apple_scab,11,Grape___Black_rot,0.39637974,False
C:\Users\emire\Desktop\plant-disease-pytorch\data\external\PlantDoc-Windows\test\Apple leaf\20180511_090912-14gtw8a-e1526047952754__5ac26b8ba4.jpg,Apple leaf,3,Apple___healthy,30,Tomato___Late_blight,0.41038826,False
C:\Users\emire\Desktop\plant-disease-pytorch\data\external\PlantDoc-Windows\test\Apple leaf\20180511_091133-24l1vhg-e1526047988236__3cb4870860.jpg,Apple leaf,3,Apple___healthy,3,Apple___healthy,0.955345,True
C:\Users\emire\Desktop\plant-disease-pytorch\data\external\PlantDoc-Windows\test\Apple leaf\20180511_091252-1gy5xf5-e1526048000596__50d5258d25.jpg,Apple leaf,3,Apple___healthy,3,Apple___healthy,0.918379,True
C:\Users\emire\Desktop\plant-disease-pytorch\data\external\PlantDoc-Windows\test\Apple leaf\4120978-single-green-leaf-of-apple-tree__27ee55a5ad.jpg,Apple leaf,3,Apple___healthy,6,Cherry_(including_sour)___healthy,0.49680734,False
C:\Users\emire\Desktop\plant-disease-pytorch\data\external\PlantDoc-Windows\test\Apple leaf\apple-leaf-14319997__5f4406f80f.jpg,Apple leaf,3,Apple___healthy,4,Blueberry___healthy,0.34966406,False
C:\Users\emire\Desktop\plant-disease-pytorch\data\external\PlantDoc-Windows\test\Apple leaf\apple-leaf-9834637__079458fdcf.jpg,Apple leaf,3,Apple___healthy,30,Tomato___Late_blight,0.9801639,False
C:\Users\emire\Desktop\plant-disease-pytorch\data\external\PlantDoc-Windows\test\Apple leaf\apple-leaf-closeup-37636177__b724e0677b.jpg,Apple leaf,3,Apple___healthy,4,Blueberry___healthy,0.5498515,False
C:\Users\emire\Desktop\plant-disease-pytorch\data\external\PlantDoc-Windows\test\Apple leaf\apple-leaf-isolated-white-background-56631026__d9313e587f.jpg,Apple leaf,3,Apple___healthy,15,Orange___Haunglongbing_(Citrus_greening),0.9997168,False
C:\Users\emire\Desktop\plant-disease-pytorch\data\external\PlantDoc-Windows\test\Apple leaf\Apple-Leaf-Wallpaper-17__182b83a6df.jpg,Apple leaf,3,Apple___healthy,35,Tomato___Tomato_Yellow_Leaf_Curl_Virus,0.7649555,False
C:\Users\emire\Desktop\plant-disease-pytorch\data\external\PlantDoc-Windows\test\Apple rust leaf\02.-Rust-2017-207u24s__d10db2fcb2.jpg,Apple rust leaf,2,Apple___Cedar_apple_rust,27,Strawberry___healthy,0.550652,False
C:\Users\emire\Desktop\plant-disease-pytorch\data\external\PlantDoc-Windows\test\Apple rust leaf\0605_Rust-induced_leafspot__3eb3dbd0c5.jpg,Apple rust leaf,2,Apple___Cedar_apple_rust,12,Grape___Esca_(Black_Measles),0.9984504,False
C:\Users\emire\Desktop\plant-disease-pytorch\data\external\PlantDoc-Windows\test\Apple rust leaf\185161-004-EAF28842__0a55e296e0.jpg,Apple rust leaf,2,Apple___Cedar_apple_rust,18,"Pepper,_bell___Bacterial_spot",0.6066214,False
C:\Users\emire\Desktop\plant-disease-pytorch\data\external\PlantDoc-Windows\test\Apple rust leaf\2011-011__f1e6801981.jpg,Apple rust leaf,2,Apple___Cedar_apple_rust,7,Corn_(maize)___Cercospora_leaf_spot Gray_leaf_spot,0.32169145,False
C:\Users\emire\Desktop\plant-disease-pytorch\data\external\PlantDoc-Windows\test\Apple rust leaf\20130519cedarapplerust__3f29d2c08a.jpg,Apple rust leaf,2,Apple___Cedar_apple_rust,7,Corn_(maize)___Cercospora_leaf_spot Gray_leaf_spot,0.3380224,False
C:\Users\emire\Desktop\plant-disease-pytorch\data\external\PlantDoc-Windows\test\Apple rust leaf\20130610_110514__4d72482893.jpg,Apple rust leaf,2,Apple___Cedar_apple_rust,1,Apple___Black_rot,0.61081034,False
C:\Users\emire\Desktop\plant-disease-pytorch\data\external\PlantDoc-Windows\test\Apple rust leaf\20130802_111632__8335ab04f7.jpg,Apple rust leaf,2,Apple___Cedar_apple_rust,13,Grape___Leaf_blight_(Isariopsis_Leaf_Spot),0.4887213,False
C:\Users\emire\Desktop\plant-disease-pytorch\data\external\PlantDoc-Windows\test\Apple rust leaf\4-apple-rust2_19011_matt-bertone__dd195e90ca.jpg,Apple rust leaf,2,Apple___Cedar_apple_rust,18,"Pepper,_bell___Bacterial_spot",0.9747552,False
C:\Users\emire\Desktop\plant-disease-pytorch\data\external\PlantDoc-Windows\test\Apple rust leaf\9343310-small__6ff6a3b72d.jpg,Apple rust leaf,2,Apple___Cedar_apple_rust,18,"Pepper,_bell___Bacterial_spot",0.47850636,False
C:\Users\emire\Desktop\plant-disease-pytorch\data\external\PlantDoc-Windows\test\Apple rust leaf\99e886623c2080c22f6519b0e708c531__c3bef59251.jpg,Apple rust leaf,2,Apple___Cedar_apple_rust,17,Peach___healthy,0.6618458,False
C:\Users\emire\Desktop\plant-disease-pytorch\data\external\PlantDoc-Windows\test\Bell_pepper leaf spot\000__d40d1caeff.jpg,Bell_pepper leaf spot,18,"Pepper,_bell___Bacterial_spot",29,Tomato___Early_blight,0.74389786,False
C:\Users\emire\Desktop\plant-disease-pytorch\data\external\PlantDoc-Windows\test\Bell_pepper leaf spot\00__9fa3a8cec1.jpg,Bell_pepper leaf spot,18,"Pepper,_bell___Bacterial_spot",29,Tomato___Early_blight,0.48536208,False
C:\Users\emire\Desktop\plant-disease-pytorch\data\external\PlantDoc-Windows\test\Bell_pepper leaf spot\01__db1f6267e0.jpg,Bell_pepper leaf spot,18,"Pepper,_bell___Bacterial_spot",30,Tomato___Late_blight,0.9887395,False
C:\Users\emire\Desktop\plant-disease-pytorch\data\external\PlantDoc-Windows\test\Bell_pepper leaf spot\Bacterial-spot-pepper2__24696ebf2d.jpg,Bell_pepper leaf spot,18,"Pepper,_bell___Bacterial_spot",18,"Pepper,_bell___Bacterial_spot",0.78735083,True
C:\Users\emire\Desktop\plant-disease-pytorch\data\external\PlantDoc-Windows\test\Bell_pepper leaf spot\bacterial_leaf_spot_pepper_l__90beefac6f.jpg,Bell_pepper leaf spot,18,"Pepper,_bell___Bacterial_spot",18,"Pepper,_bell___Bacterial_spot",0.99008536,True
C:\Users\emire\Desktop\plant-disease-pytorch\data\external\PlantDoc-Windows\test\Bell_pepper leaf spot\CMVpepperLeafShock-copy-50QUALITY-1ge8umw__5724c4235f.jpg,Bell_pepper leaf spot,18,"Pepper,_bell___Bacterial_spot",19,"Pepper,_bell___healthy",0.92968166,False
C:\Users\emire\Desktop\plant-disease-pytorch\data\external\PlantDoc-Windows\test\Bell_pepper leaf spot\H5w92__1ac5a0f1f7.jpg,Bell_pepper leaf spot,18,"Pepper,_bell___Bacterial_spot",19,"Pepper,_bell___healthy",0.9168483,False
C:\Users\emire\Desktop\plant-disease-pytorch\data\external\PlantDoc-Windows\test\Bell_pepper leaf spot\pepper-spot__e99d27e2cc.jpg,Bell_pepper leaf spot,18,"Pepper,_bell___Bacterial_spot",19,"Pepper,_bell___healthy",0.94873065,False
C:\Users\emire\Desktop\plant-disease-pytorch\data\external\PlantDoc-Windows\test\Bell_pepper leaf spot\pepper_bacterial-spot_03_zoom__fa5a602c9c.jpg,Bell_pepper leaf spot,18,"Pepper,_bell___Bacterial_spot",19,"Pepper,_bell___healthy",0.68347347,False
C:\Users\emire\Desktop\plant-disease-pytorch\data\external\PlantDoc-Windows\test\Bell_pepper leaf\10148582-green-leaf-of-pepper__d0cade5a35.jpg,Bell_pepper leaf,19,"Pepper,_bell___healthy",19,"Pepper,_bell___healthy",0.9092571,True
C:\Users\emire\Desktop\plant-disease-pytorch\data\external\PlantDoc-Windows\test\Bell_pepper leaf\4825902504_5fa80b65b8_z__217b49e834.jpg,Bell_pepper leaf,19,"Pepper,_bell___healthy",15,Orange___Haunglongbing_(Citrus_greening),0.9531972,False
C:\Users\emire\Desktop\plant-disease-pytorch\data\external\PlantDoc-Windows\test\Bell_pepper leaf\e33155__794e545598.jpg,Bell_pepper leaf,19,"Pepper,_bell___healthy",30,Tomato___Late_blight,0.44222543,False
C:\Users\emire\Desktop\plant-disease-pytorch\data\external\PlantDoc-Windows\test\Bell_pepper leaf\GREEN BELL PLANT YELLOW LEAF.JPG__3d6a234425.jpg,Bell_pepper leaf,19,"Pepper,_bell___healthy",15,Orange___Haunglongbing_(Citrus_greening),0.98900336,False
C:\Users\emire\Desktop\plant-disease-pytorch\data\external\PlantDoc-Windows\test\Bell_pepper leaf\IMG_1629.JPG_1507122477__1c04798377.jpg,Bell_pepper leaf,19,"Pepper,_bell___healthy",19,"Pepper,_bell___healthy",0.9987,True
C:\Users\emire\Desktop\plant-disease-pytorch\data\external\PlantDoc-Windows\test\Bell_pepper leaf\pepper_leaf__6fcc474d75.jpg,Bell_pepper leaf,19,"Pepper,_bell___healthy",19,"Pepper,_bell___healthy",0.9892558,True
C:\Users\emire\Desktop\plant-disease-pytorch\data\external\PlantDoc-Windows\test\Bell_pepper leaf\RnGnC__b93c8784a0.jpg,Bell_pepper leaf,19,"Pepper,_bell___healthy",10,Corn_(maize)___healthy,0.5150118,False
C:\Users\emire\Desktop\plant-disease-pytorch\data\external\PlantDoc-Windows\test\Bell_pepper leaf\why-are-my-pepper-plants-yellow-yellow-pepper-plants-yellow-leaves-green-veins-pepper-plants-yellow-veins__6cba236c5a.jpg,Bell_pepper leaf,19,"Pepper,_bell___healthy",19,"Pepper,_bell___healthy",0.9707117,True
C:\Users\emire\Desktop\plant-disease-pytorch\data\external\PlantDoc-Windows\test\Blueberry leaf\blueberry-leaves-normal-above-and-iron-deficient-below-bgahf8__b968bec695.jpg,Blueberry leaf,4,Blueberry___healthy,6,Cherry_(including_sour)___healthy,0.21609811,False
C:\Users\emire\Desktop\plant-disease-pytorch\data\external\PlantDoc-Windows\test\Blueberry leaf\blueberrysilverleaf16-1372b__751c3aeaf6.jpg,Blueberry leaf,4,Blueberry___healthy,4,Blueberry___healthy,0.9994924,True
C:\Users\emire\Desktop\plant-disease-pytorch\data\external\PlantDoc-Windows\test\Blueberry leaf\leaf-blueberry-15281271__0cb25ee7cf.jpg,Blueberry leaf,4,Blueberry___healthy,30,Tomato___Late_blight,0.91367286,False
C:\Users\emire\Desktop\plant-disease-pytorch\data\external\PlantDoc-Windows\test\Blueberry leaf\northern-highbush-blueberry-blue-huckleberry-vaccinium-corymbosum-EHNXRR__aba62c9366.jpg,Blueberry leaf,4,Blueberry___healthy,15,Orange___Haunglongbing_(Citrus_greening),0.36771613,False
C:\Users\emire\Desktop\plant-disease-pytorch\data\external\PlantDoc-Windows\test\Blueberry leaf\P1200665+Vaccinium+alaskaense+vs+ovalifolium+leaf+and++twig+cr__23a5dda8a0.jpg,Blueberry leaf,4,Blueberry___healthy,15,Orange___Haunglongbing_(Citrus_greening),0.8183427,False
C:\Users\emire\Desktop\plant-disease-pytorch\data\external\PlantDoc-Windows\test\Blueberry leaf\P1200701+Vaccinium+ovalifolium+Oval-leaf+Blueberry+leaf+margin+Heather+Meadows+cr__20f66fa1b7.jpg,Blueberry leaf,4,Blueberry___healthy,6,Cherry_(including_sour)___healthy,0.7709028,False
C:\Users\emire\Desktop\plant-disease-pytorch\data\external\PlantDoc-Windows\test\Blueberry leaf\stock-photo-blueberry-leaf-closeup-isolated-on-white-306486470__ad3b67facf.jpg,Blueberry leaf,4,Blueberry___healthy,4,Blueberry___healthy,0.9968194,True
C:\Users\emire\Desktop\plant-disease-pytorch\data\external\PlantDoc-Windows\test\Blueberry leaf\stock-photo-green-blueberry-leaf-isolated-with-clipping-path-550344304__6c49e70bae.jpg,Blueberry leaf,4,Blueberry___healthy,4,Blueberry___healthy,0.8266605,True
C:\Users\emire\Desktop\plant-disease-pytorch\data\external\PlantDoc-Windows\test\Blueberry leaf\stock-photo-two-sides-of-blueberry-leaf-isolated-on-white-15582232__e5d5c43a3a.jpg,Blueberry leaf,4,Blueberry___healthy,4,Blueberry___healthy,0.99401206,True
C:\Users\emire\Desktop\plant-disease-pytorch\data\external\PlantDoc-Windows\test\Blueberry leaf\vaccinium-angustifolium-low-bush-blueberry_0830_124221__530899afc8.jpg,Blueberry leaf,4,Blueberry___healthy,30,Tomato___Late_blight,0.80206895,False
C:\Users\emire\Desktop\plant-disease-pytorch\data\external\PlantDoc-Windows\test\Blueberry leaf\vaccinium_angustifolium_leaf2.JPG__ec430bc968.jpg,Blueberry leaf,4,Blueberry___healthy,10,Corn_(maize)___healthy,0.97697085,False
C:\Users\emire\Desktop\plant-disease-pytorch\data\external\PlantDoc-Windows\test\Cherry leaf\d7b79dbc0bca0eb3e63fbe5dfb256ccd53d90a4eb1413_1260x1260__c04f74108a.jpg,Cherry leaf,6,Cherry_(including_sour)___healthy,30,Tomato___Late_blight,0.3734281,False
C:\Users\emire\Desktop\plant-disease-pytorch\data\external\PlantDoc-Windows\test\Cherry leaf\e52bbb9a08ede2948ba0c006f02fe7b053ad7831d1df6_1260x1260__b1bc69c4ce.jpg,Cherry leaf,6,Cherry_(including_sour)___healthy,15,Orange___Haunglongbing_(Citrus_greening),0.49067304,False
C:\Users\emire\Desktop\plant-disease-pytorch\data\external\PlantDoc-Windows\test\Cherry leaf\ed12ff77ce021883de241830dee55e2e53d2c93231699_1260x1260__35e0ebe78a.jpg,Cherry leaf,6,Cherry_(including_sour)___healthy,3,Apple___healthy,0.8077245,False
C:\Users\emire\Desktop\plant-disease-pytorch\data\external\PlantDoc-Windows\test\Cherry leaf\fc729af279e9087d00bd32d89a1552a756a3ad9de7f2b_1260x1260__d136ce53bf.jpg,Cherry leaf,6,Cherry_(including_sour)___healthy,3,Apple___healthy,0.46222943,False
C:\Users\emire\Desktop\plant-disease-pytorch\data\external\PlantDoc-Windows\test\Cherry leaf\five-cherry-tree-green-leaves-white-isolated-background-34493587__d86f8dfc87.jpg,Cherry leaf,6,Cherry_(including_sour)___healthy,30,Tomato___Late_blight,0.9890103,False
C:\Users\emire\Desktop\plant-disease-pytorch\data\external\PlantDoc-Windows\test\Cherry leaf\prunsero_leaf1__21218cacb8.jpg,Cherry leaf,6,Cherry_(including_sour)___healthy,10,Corn_(maize)___healthy,0.5401955,False
C:\Users\emire\Desktop\plant-disease-pytorch\data\external\PlantDoc-Windows\test\Cherry leaf\prunsero_leaf2__16db824085.jpg,Cherry leaf,6,Cherry_(including_sour)___healthy,19,"Pepper,_bell___healthy",0.52605635,False
C:\Users\emire\Desktop\plant-disease-pytorch\data\external\PlantDoc-Windows\test\Cherry leaf\prunus-virginiana-le-gmittelhauser__ec77f22844.jpg,Cherry leaf,6,Cherry_(including_sour)___healthy,3,Apple___healthy,0.30436277,False
C:\Users\emire\Desktop\plant-disease-pytorch\data\external\PlantDoc-Windows\test\Cherry leaf\red-cherry-tree-leaf-isolated-crisp-white-background-35742030__c6e660d135.jpg,Cherry leaf,6,Cherry_(including_sour)___healthy,0,Apple___Apple_scab,0.35229576,False
C:\Users\emire\Desktop\plant-disease-pytorch\data\external\PlantDoc-Windows\test\Cherry leaf\three-vibrant-leaves-bird-cherry-tree-13905898__579810db6b.jpg,Cherry leaf,6,Cherry_(including_sour)___healthy,30,Tomato___Late_blight,0.32149148,False
C:\Users\emire\Desktop\plant-disease-pytorch\data\external\PlantDoc-Windows\test\Corn Gray leaf spot\IMG_42231__61f5cc0bf4.jpg,Corn Gray leaf spot,7,Corn_(maize)___Cercospora_leaf_spot Gray_leaf_spot,10,Corn_(maize)___healthy,0.94845164,False
C:\Users\emire\Desktop\plant-disease-pytorch\data\external\PlantDoc-Windows\test\Corn Gray leaf spot\rsz0803Figure6__57f060a430.jpg,Corn Gray leaf spot,7,Corn_(maize)___Cercospora_leaf_spot Gray_leaf_spot,9,Corn_(maize)___Northern_Leaf_Blight,0.99553263,False
"C:\Users\emire\Desktop\plant-disease-pytorch\data\external\PlantDoc-Windows\test\Corn Gray leaf spot\show_picture.asp_id=aaaaaaaaaaogcqq&w2=420&h2=378&clip=center,420,378&meta=0__f0dd3ed6f2.jpg",Corn Gray leaf spot,7,Corn_(maize)___Cercospora_leaf_spot Gray_leaf_spot,7,Corn_(maize)___Cercospora_leaf_spot Gray_leaf_spot,0.99832374,True
C:\Users\emire\Desktop\plant-disease-pytorch\data\external\PlantDoc-Windows\test\Corn Gray leaf spot\strom5__9dd3233ea6.jpg,Corn Gray leaf spot,7,Corn_(maize)___Cercospora_leaf_spot Gray_leaf_spot,7,Corn_(maize)___Cercospora_leaf_spot Gray_leaf_spot,0.9885373,True
C:\Users\emire\Desktop\plant-disease-pytorch\data\external\PlantDoc-Windows\test\Corn leaf blight\02c__804d8734dc.jpg,Corn leaf blight,9,Corn_(maize)___Northern_Leaf_Blight,10,Corn_(maize)___healthy,0.93587846,False
C:\Users\emire\Desktop\plant-disease-pytorch\data\external\PlantDoc-Windows\test\Corn leaf blight\0796.20graylssymt__b23d5fb0c5.jpg,Corn leaf blight,9,Corn_(maize)___Northern_Leaf_Blight,7,Corn_(maize)___Cercospora_leaf_spot Gray_leaf_spot,0.95082027,False
C:\Users\emire\Desktop\plant-disease-pytorch\data\external\PlantDoc-Windows\test\Corn leaf blight\07c__a9b2f58ff3.jpg,Corn leaf blight,9,Corn_(maize)___Northern_Leaf_Blight,7,Corn_(maize)___Cercospora_leaf_spot Gray_leaf_spot,0.85024965,False
C:\Users\emire\Desktop\plant-disease-pytorch\data\external\PlantDoc-Windows\test\Corn leaf blight\0c__08a8faf409.jpg,Corn leaf blight,9,Corn_(maize)___Northern_Leaf_Blight,9,Corn_(maize)___Northern_Leaf_Blight,0.93807364,True
C:\Users\emire\Desktop\plant-disease-pytorch\data\external\PlantDoc-Windows\test\Corn leaf blight\1321189__0d16d768f4.jpg,Corn leaf blight,9,Corn_(maize)___Northern_Leaf_Blight,7,Corn_(maize)___Cercospora_leaf_spot Gray_leaf_spot,0.9955178,False
C:\Users\emire\Desktop\plant-disease-pytorch\data\external\PlantDoc-Windows\test\Corn leaf blight\160314_web__fce11952e5.jpg,Corn leaf blight,9,Corn_(maize)___Northern_Leaf_Blight,9,Corn_(maize)___Northern_Leaf_Blight,0.9996605,True
C:\Users\emire\Desktop\plant-disease-pytorch\data\external\PlantDoc-Windows\test\Corn leaf blight\2013Corn_GrayLeafSpot_0815_0003.JPG__b015e3cd98.jpg,Corn leaf blight,9,Corn_(maize)___Northern_Leaf_Blight,7,Corn_(maize)___Cercospora_leaf_spot Gray_leaf_spot,0.9929052,False
C:\Users\emire\Desktop\plant-disease-pytorch\data\external\PlantDoc-Windows\test\Corn leaf blight\2015070295153021__f7f38017ab.jpg,Corn leaf blight,9,Corn_(maize)___Northern_Leaf_Blight,9,Corn_(maize)___Northern_Leaf_Blight,0.91458565,True
C:\Users\emire\Desktop\plant-disease-pytorch\data\external\PlantDoc-Windows\test\Corn leaf blight\Common Diseases Figure 1.JPG__e16da32033.jpg,Corn leaf blight,9,Corn_(maize)___Northern_Leaf_Blight,7,Corn_(maize)___Cercospora_leaf_spot Gray_leaf_spot,0.9944851,False
C:\Users\emire\Desktop\plant-disease-pytorch\data\external\PlantDoc-Windows\test\Corn leaf blight\corn-disease-update-fig-3-gray-leaf-spot__1112e0c09a.jpg,Corn leaf blight,9,Corn_(maize)___Northern_Leaf_Blight,7,Corn_(maize)___Cercospora_leaf_spot Gray_leaf_spot,0.9519082,False
C:\Users\emire\Desktop\plant-disease-pytorch\data\external\PlantDoc-Windows\test\Corn leaf blight\corn-gray-leaf-spot-f4__ee39fadb7b.jpg,Corn leaf blight,9,Corn_(maize)___Northern_Leaf_Blight,7,Corn_(maize)___Cercospora_leaf_spot Gray_leaf_spot,0.9968135,False
C:\Users\emire\Desktop\plant-disease-pytorch\data\external\PlantDoc-Windows\test\Corn leaf blight\Corn-SCLB-2017-1__137bbb388c.jpg,Corn leaf blight,9,Corn_(maize)___Northern_Leaf_Blight,9,Corn_(maize)___Northern_Leaf_Blight,0.72268784,True
C:\Users\emire\Desktop\plant-disease-pytorch\data\external\PlantDoc-Windows\test\Corn rust leaf\0796.39maizerust__05282c4c84.jpg,Corn rust leaf,8,Corn_(maize)___Common_rust_,7,Corn_(maize)___Cercospora_leaf_spot Gray_leaf_spot,0.5866566,False
C:\Users\emire\Desktop\plant-disease-pytorch\data\external\PlantDoc-Windows\test\Corn rust leaf\0796.40comrust__39065b6533.jpg,Corn rust leaf,8,Corn_(maize)___Common_rust_,9,Corn_(maize)___Northern_Leaf_Blight,0.5313632,False
C:\Users\emire\Desktop\plant-disease-pytorch\data\external\PlantDoc-Windows\test\Corn rust leaf\0796.47southrust__47142e59be.jpg,Corn rust leaf,8,Corn_(maize)___Common_rust_,15,Orange___Haunglongbing_(Citrus_greening),0.7314929,False
C:\Users\emire\Desktop\plant-disease-pytorch\data\external\PlantDoc-Windows\test\Corn rust leaf\0796.52srusttelia__cb6de8663f.jpg,Corn rust leaf,8,Corn_(maize)___Common_rust_,32,Tomato___Septoria_leaf_spot,0.52740514,False
C:\Users\emire\Desktop\plant-disease-pytorch\data\external\PlantDoc-Windows\test\Corn rust leaf\12-19striprustJIM__861aad85d5.jpg,Corn rust leaf,8,Corn_(maize)___Common_rust_,7,Corn_(maize)___Cercospora_leaf_spot Gray_leaf_spot,0.99905497,False
C:\Users\emire\Desktop\plant-disease-pytorch\data\external\PlantDoc-Windows\test\Corn rust leaf\1355.50commonrust__d08f9279a9.jpg,Corn rust leaf,8,Corn_(maize)___Common_rust_,10,Corn_(maize)___healthy,0.39929798,False
C:\Users\emire\Desktop\plant-disease-pytorch\data\external\PlantDoc-Windows\test\Corn rust leaf\2256-body-1501555581-1__2e46647fae.jpg,Corn rust leaf,8,Corn_(maize)___Common_rust_,7,Corn_(maize)___Cercospora_leaf_spot Gray_leaf_spot,0.55421853,False
C:\Users\emire\Desktop\plant-disease-pytorch\data\external\PlantDoc-Windows\test\Corn rust leaf\393__70c720b637.jpg,Corn rust leaf,8,Corn_(maize)___Common_rust_,8,Corn_(maize)___Common_rust_,0.4706782,True
C:\Users\emire\Desktop\plant-disease-pytorch\data\external\PlantDoc-Windows\test\Corn rust leaf\5496239405_d95bdb97d1_z__ddea5faa92.jpg,Corn rust leaf,8,Corn_(maize)___Common_rust_,10,Corn_(maize)___healthy,0.99935085,False
C:\Users\emire\Desktop\plant-disease-pytorch\data\external\PlantDoc-Windows\test\Corn rust leaf\80104747__f8a9be08b6.jpg,Corn rust leaf,8,Corn_(maize)___Common_rust_,7,Corn_(maize)___Cercospora_leaf_spot Gray_leaf_spot,0.44949606,False
C:\Users\emire\Desktop\plant-disease-pytorch\data\external\PlantDoc-Windows\test\Peach leaf\00pe__79bcc633ef.jpg,Peach leaf,17,Peach___healthy,6,Cherry_(including_sour)___healthy,0.9169492,False
C:\Users\emire\Desktop\plant-disease-pytorch\data\external\PlantDoc-Windows\test\Peach leaf\7190f27ead55c0f6e3ff8b982972810a5446a9713a49d_1260x1260__5d1d7bcf8b.jpg,Peach leaf,17,Peach___healthy,30,Tomato___Late_blight,0.4114681,False
C:\Users\emire\Desktop\plant-disease-pytorch\data\external\PlantDoc-Windows\test\Peach leaf\depositphotos_3786198-Peach-leaf__990b1a9d0d.jpg,Peach leaf,17,Peach___healthy,4,Blueberry___healthy,0.56010497,False
C:\Users\emire\Desktop\plant-disease-pytorch\data\external\PlantDoc-Windows\test\Peach leaf\peach-leaf-10223898__1a1d6bb03d.jpg,Peach leaf,17,Peach___healthy,4,Blueberry___healthy,0.9172761,False
C:\Users\emire\Desktop\plant-disease-pytorch\data\external\PlantDoc-Windows\test\Peach leaf\peach-leaf-16690421__ad8a5f4e98.jpg,Peach leaf,17,Peach___healthy,30,Tomato___Late_blight,0.4843683,False
C:\Users\emire\Desktop\plant-disease-pytorch\data\external\PlantDoc-Windows\test\Peach leaf\peach-leaf-isolated-white-background-42295220__240335cb54.jpg,Peach leaf,17,Peach___healthy,4,Blueberry___healthy,0.4829069,False
C:\Users\emire\Desktop\plant-disease-pytorch\data\external\PlantDoc-Windows\test\Peach leaf\rose_tree_220430__023f13d101.jpg,Peach leaf,17,Peach___healthy,11,Grape___Black_rot,0.23515771,False
C:\Users\emire\Desktop\plant-disease-pytorch\data\external\PlantDoc-Windows\test\Peach leaf\stock-photo-peach-leaf-isolated-on-white-background-281097503__c53e65b833.jpg,Peach leaf,17,Peach___healthy,15,Orange___Haunglongbing_(Citrus_greening),0.32568353,False
C:\Users\emire\Desktop\plant-disease-pytorch\data\external\PlantDoc-Windows\test\Peach leaf\stock-photo-peach-tree-leaf-isolated-over-white-background-back-side-64472731__18b0b51760.jpg,Peach leaf,17,Peach___healthy,19,"Pepper,_bell___healthy",0.42047122,False
C:\Users\emire\Desktop\plant-disease-pytorch\data\external\PlantDoc-Windows\test\Potato leaf early blight\3023__04bd36379c.jpg,Potato leaf early blight,20,Potato___Early_blight,11,Grape___Black_rot,0.4449998,False
C:\Users\emire\Desktop\plant-disease-pytorch\data\external\PlantDoc-Windows\test\Potato leaf early blight\backus-056-potato-blight__5e08766e6c.jpg,Potato leaf early blight,20,Potato___Early_blight,30,Tomato___Late_blight,0.6434128,False
C:\Users\emire\Desktop\plant-disease-pytorch\data\external\PlantDoc-Windows\test\Potato leaf early blight\early-blight-alternaria-alternata-leaf-spotting-on-potato-leaf-X91XJE__2bb9853e39.jpg,Potato leaf early blight,20,Potato___Early_blight,20,Potato___Early_blight,0.99897385,True
C:\Users\emire\Desktop\plant-disease-pytorch\data\external\PlantDoc-Windows\test\Potato leaf early blight\early-blight-or-target-spot-alternaria-solani-lesions-on-a-tomato-AXK6AY__0c33629efe.jpg,Potato leaf early blight,20,Potato___Early_blight,29,Tomato___Early_blight,0.9136773,False
C:\Users\emire\Desktop\plant-disease-pytorch\data\external\PlantDoc-Windows\test\Potato leaf early blight\earlyblightpotato__718cfe93d1.jpg,Potato leaf early blight,20,Potato___Early_blight,30,Tomato___Late_blight,0.87177414,False
C:\Users\emire\Desktop\plant-disease-pytorch\data\external\PlantDoc-Windows\test\Potato leaf early blight\potato-blight-phytophthora-infestans-close-up-of-upper-surface-of-BMMRXC__35875fbe11.jpg,Potato leaf early blight,20,Potato___Early_blight,30,Tomato___Late_blight,0.92757154,False
C:\Users\emire\Desktop\plant-disease-pytorch\data\external\PlantDoc-Windows\test\Potato leaf early blight\potato-early-blight-alternaria-alternata-lesion-on-a-potato-leaf-a1w1em__677984353a.jpg,Potato leaf early blight,20,Potato___Early_blight,20,Potato___Early_blight,0.8256773,True
C:\Users\emire\Desktop\plant-disease-pytorch\data\external\PlantDoc-Windows\test\Potato leaf early blight\potatobd001__fc671f240b.jpg,Potato leaf early blight,20,Potato___Early_blight,12,Grape___Esca_(Black_Measles),0.32463983,False
C:\Users\emire\Desktop\plant-disease-pytorch\data\external\PlantDoc-Windows\test\Potato leaf late blight\1421_0.jpeg_itok=FMtmgePj__1512154f72.jpg,Potato leaf late blight,21,Potato___Late_blight,20,Potato___Early_blight,0.999783,False
C:\Users\emire\Desktop\plant-disease-pytorch\data\external\PlantDoc-Windows\test\Potato leaf late blight\20090710-lateblight__c90a34376d.jpg,Potato leaf late blight,21,Potato___Late_blight,30,Tomato___Late_blight,0.9999831,False
C:\Users\emire\Desktop\plant-disease-pytorch\data\external\PlantDoc-Windows\test\Potato leaf late blight\2540_600__13d1d5803a.jpg,Potato leaf late blight,21,Potato___Late_blight,30,Tomato___Late_blight,0.99926347,False
C:\Users\emire\Desktop\plant-disease-pytorch\data\external\PlantDoc-Windows\test\Potato leaf late blight\5816740026_d42ef24413_Phytophthora-Infestans__b17862431c.jpg,Potato leaf late blight,21,Potato___Late_blight,30,Tomato___Late_blight,0.9994728,False
C:\Users\emire\Desktop\plant-disease-pytorch\data\external\PlantDoc-Windows\test\Potato leaf late blight\B2750109-Late_blight_on_a_potato_plant-SPL__b668594780.jpg,Potato leaf late blight,21,Potato___Late_blight,20,Potato___Early_blight,0.825122,False
C:\Users\emire\Desktop\plant-disease-pytorch\data\external\PlantDoc-Windows\test\Potato leaf late blight\irish-blight-symptoms-on-potato-leaves-atmf8b__73a388abef.jpg,Potato leaf late blight,21,Potato___Late_blight,30,Tomato___Late_blight,0.99993193,False
C:\Users\emire\Desktop\plant-disease-pytorch\data\external\PlantDoc-Windows\test\Potato leaf late blight\LateBlight04__07d4c9fe0f.jpg,Potato leaf late blight,21,Potato___Late_blight,20,Potato___Early_blight,0.33448792,False
C:\Users\emire\Desktop\plant-disease-pytorch\data\external\PlantDoc-Windows\test\Potato leaf late blight\potato-late-blight__1fcfe97867.jpg,Potato leaf late blight,21,Potato___Late_blight,30,Tomato___Late_blight,0.9919389,False
C:\Users\emire\Desktop\plant-disease-pytorch\data\external\PlantDoc-Windows\test\Raspberry leaf\depositphotos_1323264-Raspberry-leaf-on-white__190ba418f4.jpg,Raspberry leaf,23,Raspberry___healthy,23,Raspberry___healthy,0.99363554,True
C:\Users\emire\Desktop\plant-disease-pytorch\data\external\PlantDoc-Windows\test\Raspberry leaf\depositphotos_1323551-stock-photo-raspberry-leaves__62d412cd96.jpg,Raspberry leaf,23,Raspberry___healthy,23,Raspberry___healthy,0.99534285,True
C:\Users\emire\Desktop\plant-disease-pytorch\data\external\PlantDoc-Windows\test\Raspberry leaf\depositphotos_2795312-stock-photo-green-raspberry-leaf__6aebf9becb.jpg,Raspberry leaf,23,Raspberry___healthy,14,Grape___healthy,0.55511844,False
C:\Users\emire\Desktop\plant-disease-pytorch\data\external\PlantDoc-Windows\test\Raspberry leaf\iron-deficiency-raspberry-leaf-chlorosis-isolated-32457798__962744da2b.jpg,Raspberry leaf,23,Raspberry___healthy,35,Tomato___Tomato_Yellow_Leaf_Curl_Virus,0.7390725,False
C:\Users\emire\Desktop\plant-disease-pytorch\data\external\PlantDoc-Windows\test\Raspberry leaf\leaves-of-raspberry-stock-picture-2529053__c9293d69db.jpg,Raspberry leaf,23,Raspberry___healthy,23,Raspberry___healthy,0.79871947,True
C:\Users\emire\Desktop\plant-disease-pytorch\data\external\PlantDoc-Windows\test\Raspberry leaf\Raspberry-leaf__3e64ef314e.jpg,Raspberry leaf,23,Raspberry___healthy,23,Raspberry___healthy,0.9984201,True
C:\Users\emire\Desktop\plant-disease-pytorch\data\external\PlantDoc-Windows\test\Raspberry leaf\three-raspberry-green-leaves-isolated-white-background-62022932__df26b733a0.jpg,Raspberry leaf,23,Raspberry___healthy,30,Tomato___Late_blight,0.96642894,False
C:\Users\emire\Desktop\plant-disease-pytorch\data\external\PlantDoc-Windows\test\Soyabean leaf\07feb_ma_sbr3.JPG__6ce454092f.jpg,Soyabean leaf,24,Soybean___healthy,20,Potato___Early_blight,0.6575452,False
C:\Users\emire\Desktop\plant-disease-pytorch\data\external\PlantDoc-Windows\test\Soyabean leaf\fresh-soy-leaves-isolated-on-260nw-667193923__36b0f639f3.jpg,Soyabean leaf,24,Soybean___healthy,4,Blueberry___healthy,0.6080719,False
C:\Users\emire\Desktop\plant-disease-pytorch\data\external\PlantDoc-Windows\test\Soyabean leaf\leaf-raspberry-isolated-on-a-white-stock-photography-image-10106222-1625198__68746e6111.jpg,Soyabean leaf,24,Soybean___healthy,37,Tomato___healthy,0.79850554,False
C:\Users\emire\Desktop\plant-disease-pytorch\data\external\PlantDoc-Windows\test\Soyabean leaf\resistance1c__55e61d4320.jpg,Soyabean leaf,24,Soybean___healthy,10,Corn_(maize)___healthy,0.89271253,False
C:\Users\emire\Desktop\plant-disease-pytorch\data\external\PlantDoc-Windows\test\Soyabean leaf\Soybean edamame leaf1.JPG__1c119f96cf.jpg,Soyabean leaf,24,Soybean___healthy,4,Blueberry___healthy,0.52838624,False
C:\Users\emire\Desktop\plant-disease-pytorch\data\external\PlantDoc-Windows\test\Soyabean leaf\stock-photo-fresh-soy-leaves-isolated-on-white-94266130__4c46176084.jpg,Soyabean leaf,24,Soybean___healthy,30,Tomato___Late_blight,0.63768196,False
C:\Users\emire\Desktop\plant-disease-pytorch\data\external\PlantDoc-Windows\test\Soyabean leaf\stock-photo-fresh-soy-leaves-isolated-on-white-94700095__3850be94d8.jpg,Soyabean leaf,24,Soybean___healthy,4,Blueberry___healthy,0.9096928,False
C:\Users\emire\Desktop\plant-disease-pytorch\data\external\PlantDoc-Windows\test\Soyabean leaf\stock-photo-soy-leaf-isolated-on-white-background-120961801__2368410e79.jpg,Soyabean leaf,24,Soybean___healthy,37,Tomato___healthy,0.7818032,False
C:\Users\emire\Desktop\plant-disease-pytorch\data\external\PlantDoc-Windows\test\Squash Powdery mildew leaf\powdery-mildew-erysiphe-plantani-on-young-sycamore-leaves-b774tm__8fdcdf0392.jpg,Squash Powdery mildew leaf,25,Squash___Powdery_mildew,10,Corn_(maize)___healthy,0.39231125,False
C:\Users\emire\Desktop\plant-disease-pytorch\data\external\PlantDoc-Windows\test\Squash Powdery mildew leaf\powdery-mildew-on-pumpkin-leaves-close-up-2__00c008753e.jpg,Squash Powdery mildew leaf,25,Squash___Powdery_mildew,25,Squash___Powdery_mildew,0.9999994,True
C:\Users\emire\Desktop\plant-disease-pytorch\data\external\PlantDoc-Windows\test\Squash Powdery mildew leaf\Powdery-Mildew-on-squash__fdbf6ba03b.jpg,Squash Powdery mildew leaf,25,Squash___Powdery_mildew,8,Corn_(maize)___Common_rust_,0.39131603,False
C:\Users\emire\Desktop\plant-disease-pytorch\data\external\PlantDoc-Windows\test\Squash Powdery mildew leaf\powdery-mildew-sphaerotheca-fuliginea-infection-on-pumpkin-leaves-ajdkkx__63fe65187b.jpg,Squash Powdery mildew leaf,25,Squash___Powdery_mildew,25,Squash___Powdery_mildew,0.9122051,True
C:\Users\emire\Desktop\plant-disease-pytorch\data\external\PlantDoc-Windows\test\Squash Powdery mildew leaf\squash-leave-w-powd-mild__6a8e890b42.jpg,Squash Powdery mildew leaf,25,Squash___Powdery_mildew,25,Squash___Powdery_mildew,0.99578637,True
C:\Users\emire\Desktop\plant-disease-pytorch\data\external\PlantDoc-Windows\test\Squash Powdery mildew leaf\surface__37860e8c3d.jpg,Squash Powdery mildew leaf,25,Squash___Powdery_mildew,10,Corn_(maize)___healthy,0.41057175,False
C:\Users\emire\Desktop\plant-disease-pytorch\data\external\PlantDoc-Windows\test\Strawberry leaf\strawberry-leaf--stock-photo-1431216__b32ed98333.jpg,Strawberry leaf,27,Strawberry___healthy,23,Raspberry___healthy,0.9668291,False
C:\Users\emire\Desktop\plant-disease-pytorch\data\external\PlantDoc-Windows\test\Strawberry leaf\strawberry-leaf-22360816__ba66b3a7f1.jpg,Strawberry leaf,27,Strawberry___healthy,30,Tomato___Late_blight,0.87890846,False
C:\Users\emire\Desktop\plant-disease-pytorch\data\external\PlantDoc-Windows\test\Strawberry leaf\strawberry-leaves-collection-white-background-36684676__57ecdc712b.jpg,Strawberry leaf,27,Strawberry___healthy,10,Corn_(maize)___healthy,0.49163997,False
C:\Users\emire\Desktop\plant-disease-pytorch\data\external\PlantDoc-Windows\test\Strawberry leaf\strawberry-leaves-isolated-white-17473157__57cace44af.jpg,Strawberry leaf,27,Strawberry___healthy,14,Grape___healthy,0.54734427,False
C:\Users\emire\Desktop\plant-disease-pytorch\data\external\PlantDoc-Windows\test\Strawberry leaf\strawberry-leaves-isolated-white-34722259__0ce5e97644.jpg,Strawberry leaf,27,Strawberry___healthy,26,Strawberry___Leaf_scorch,0.5953351,False
C:\Users\emire\Desktop\plant-disease-pytorch\data\external\PlantDoc-Windows\test\Strawberry leaf\strawberry-leaves-stock-image-948674__64e1dded33.jpg,Strawberry leaf,27,Strawberry___healthy,30,Tomato___Late_blight,0.49637708,False
C:\Users\emire\Desktop\plant-disease-pytorch\data\external\PlantDoc-Windows\test\Strawberry leaf\strawberry-leaves-stock-picture-948708__43add1f240.jpg,Strawberry leaf,27,Strawberry___healthy,30,Tomato___Late_blight,0.31319726,False
C:\Users\emire\Desktop\plant-disease-pytorch\data\external\PlantDoc-Windows\test\Strawberry leaf\wild-strawberry-leaf-top-view-rotated-KTBXCY__032a05ad28.jpg,Strawberry leaf,27,Strawberry___healthy,30,Tomato___Late_blight,0.8890163,False
C:\Users\emire\Desktop\plant-disease-pytorch\data\external\PlantDoc-Windows\test\Tomato Early blight leaf\039b47d574bc4bb8a14259a1cd96a741__5fc95055ba.jpg,Tomato Early blight leaf,29,Tomato___Early_blight,35,Tomato___Tomato_Yellow_Leaf_Curl_Virus,0.4204592,False
C:\Users\emire\Desktop\plant-disease-pytorch\data\external\PlantDoc-Windows\test\Tomato Early blight leaf\100983448__ac5dbc9f51.jpg,Tomato Early blight leaf,29,Tomato___Early_blight,29,Tomato___Early_blight,0.95450693,True
C:\Users\emire\Desktop\plant-disease-pytorch\data\external\PlantDoc-Windows\test\Tomato Early blight leaf\1234080-Early-Blight__54d9e43c83.jpg,Tomato Early blight leaf,29,Tomato___Early_blight,30,Tomato___Late_blight,0.8842532,False
C:\Users\emire\Desktop\plant-disease-pytorch\data\external\PlantDoc-Windows\test\Tomato Early blight leaf\bugs-and-blight-061__d05b4e57af.jpg,Tomato Early blight leaf,29,Tomato___Early_blight,6,Cherry_(including_sour)___healthy,0.39333433,False
C:\Users\emire\Desktop\plant-disease-pytorch\data\external\PlantDoc-Windows\test\Tomato Early blight leaf\dscn3175__a8987d9495.jpg,Tomato Early blight leaf,29,Tomato___Early_blight,30,Tomato___Late_blight,0.26642767,False
C:\Users\emire\Desktop\plant-disease-pytorch\data\external\PlantDoc-Windows\test\Tomato Early blight leaf\early_blight1-150x150__1a6960fd53.jpg,Tomato Early blight leaf,29,Tomato___Early_blight,29,Tomato___Early_blight,0.99988925,True
C:\Users\emire\Desktop\plant-disease-pytorch\data\external\PlantDoc-Windows\test\Tomato Early blight leaf\earlyblight21___0cb3f6471e.jpg,Tomato Early blight leaf,29,Tomato___Early_blight,29,Tomato___Early_blight,0.5062684,True
C:\Users\emire\Desktop\plant-disease-pytorch\data\external\PlantDoc-Windows\test\Tomato Early blight leaf\Shoemaker_7068.JPG__7290f87a48.jpg,Tomato Early blight leaf,29,Tomato___Early_blight,29,Tomato___Early_blight,0.8677432,True
C:\Users\emire\Desktop\plant-disease-pytorch\data\external\PlantDoc-Windows\test\Tomato Early blight leaf\tomato_early-blight_01_zoom__bbba03a26c.jpg,Tomato Early blight leaf,29,Tomato___Early_blight,29,Tomato___Early_blight,0.99952793,True
C:\Users\emire\Desktop\plant-disease-pytorch\data\external\PlantDoc-Windows\test\Tomato Septoria leaf spot\0__e33916b68d.jpg,Tomato Septoria leaf spot,32,Tomato___Septoria_leaf_spot,30,Tomato___Late_blight,0.89023244,False
C:\Users\emire\Desktop\plant-disease-pytorch\data\external\PlantDoc-Windows\test\Tomato Septoria leaf spot\2septoria-tomato__c29cce8dd7.jpg,Tomato Septoria leaf spot,32,Tomato___Septoria_leaf_spot,32,Tomato___Septoria_leaf_spot,0.9822556,True
C:\Users\emire\Desktop\plant-disease-pytorch\data\external\PlantDoc-Windows\test\Tomato Septoria leaf spot\2STEM__72aceab6f2.jpg,Tomato Septoria leaf spot,32,Tomato___Septoria_leaf_spot,32,Tomato___Septoria_leaf_spot,0.8197196,True
C:\Users\emire\Desktop\plant-disease-pytorch\data\external\PlantDoc-Windows\test\Tomato Septoria leaf spot\55830b60a7cf2.image__3d815d084d.jpg,Tomato Septoria leaf spot,32,Tomato___Septoria_leaf_spot,18,"Pepper,_bell___Bacterial_spot",0.42889172,False
C:\Users\emire\Desktop\plant-disease-pytorch\data\external\PlantDoc-Windows\test\Tomato Septoria leaf spot\6134794031202304.jpeg__630c9ee3b2.jpg,Tomato Septoria leaf spot,32,Tomato___Septoria_leaf_spot,29,Tomato___Early_blight,0.89815617,False
C:\Users\emire\Desktop\plant-disease-pytorch\data\external\PlantDoc-Windows\test\Tomato Septoria leaf spot\636227737977191231-septoria-leaf-spot-VT__a60642b1cf.jpg,Tomato Septoria leaf spot,32,Tomato___Septoria_leaf_spot,29,Tomato___Early_blight,0.9509066,False
C:\Users\emire\Desktop\plant-disease-pytorch\data\external\PlantDoc-Windows\test\Tomato Septoria leaf spot\6447731_orig__cb6dd30845.jpg,Tomato Septoria leaf spot,32,Tomato___Septoria_leaf_spot,32,Tomato___Septoria_leaf_spot,0.97111434,True
C:\Users\emire\Desktop\plant-disease-pytorch\data\external\PlantDoc-Windows\test\Tomato Septoria leaf spot\7-17-Photo3_Septoria-MARY__fac5bf9cb4.jpg,Tomato Septoria leaf spot,32,Tomato___Septoria_leaf_spot,29,Tomato___Early_blight,0.94091445,False
C:\Users\emire\Desktop\plant-disease-pytorch\data\external\PlantDoc-Windows\test\Tomato Septoria leaf spot\early-blight-septoria-ls-fig-3__9d52a0b7c6.jpg,Tomato Septoria leaf spot,32,Tomato___Septoria_leaf_spot,29,Tomato___Early_blight,0.84222895,False
C:\Users\emire\Desktop\plant-disease-pytorch\data\external\PlantDoc-Windows\test\Tomato Septoria leaf spot\RARZ4__f8a1b9a5e6.jpg,Tomato Septoria leaf spot,32,Tomato___Septoria_leaf_spot,29,Tomato___Early_blight,0.9892435,False
C:\Users\emire\Desktop\plant-disease-pytorch\data\external\PlantDoc-Windows\test\Tomato Septoria leaf spot\sept4disease-019__454083d0c4.jpg,Tomato Septoria leaf spot,32,Tomato___Septoria_leaf_spot,29,Tomato___Early_blight,0.9068597,False
C:\Users\emire\Desktop\plant-disease-pytorch\data\external\PlantDoc-Windows\test\Tomato leaf bacterial spot\#20+Bacterial+Spot+and+Speck__4ccddf32a1.jpg,Tomato leaf bacterial spot,28,Tomato___Bacterial_spot,30,Tomato___Late_blight,0.5711599,False
C:\Users\emire\Desktop\plant-disease-pytorch\data\external\PlantDoc-Windows\test\Tomato leaf bacterial spot\07.17.18-Common_Tomato_Diseases_Canker-258x300__de4d7d2777.jpg,Tomato leaf bacterial spot,28,Tomato___Bacterial_spot,30,Tomato___Late_blight,0.59340787,False
C:\Users\emire\Desktop\plant-disease-pytorch\data\external\PlantDoc-Windows\test\Tomato leaf bacterial spot\bact-spot-fig-1__d1da77585b.jpg,Tomato leaf bacterial spot,28,Tomato___Bacterial_spot,18,"Pepper,_bell___Bacterial_spot",0.992297,False
C:\Users\emire\Desktop\plant-disease-pytorch\data\external\PlantDoc-Windows\test\Tomato leaf bacterial spot\Bacterial_spots563__1fdc10de68.jpg,Tomato leaf bacterial spot,28,Tomato___Bacterial_spot,30,Tomato___Late_blight,0.6180709,False
C:\Users\emire\Desktop\plant-disease-pytorch\data\external\PlantDoc-Windows\test\Tomato leaf bacterial spot\Tom_Bact3__52bf93bf96.jpg,Tomato leaf bacterial spot,28,Tomato___Bacterial_spot,15,Orange___Haunglongbing_(Citrus_greening),0.8649985,False
C:\Users\emire\Desktop\plant-disease-pytorch\data\external\PlantDoc-Windows\test\Tomato leaf bacterial spot\Tom_Bact7__31863884f1.jpg,Tomato leaf bacterial spot,28,Tomato___Bacterial_spot,32,Tomato___Septoria_leaf_spot,0.65374464,False
C:\Users\emire\Desktop\plant-disease-pytorch\data\external\PlantDoc-Windows\test\Tomato leaf bacterial spot\Tomato+Bacterial+Spot+on+Leaves__1e0af357ed.jpg,Tomato leaf bacterial spot,28,Tomato___Bacterial_spot,29,Tomato___Early_blight,0.9284376,False
C:\Users\emire\Desktop\plant-disease-pytorch\data\external\PlantDoc-Windows\test\Tomato leaf bacterial spot\tomato_bacterial-speck_01_zoom__8dd5005a59.jpg,Tomato leaf bacterial spot,28,Tomato___Bacterial_spot,32,Tomato___Septoria_leaf_spot,0.8625072,False
C:\Users\emire\Desktop\plant-disease-pytorch\data\external\PlantDoc-Windows\test\Tomato leaf bacterial spot\tomato_V8__8d0632f963.jpg,Tomato leaf bacterial spot,28,Tomato___Bacterial_spot,32,Tomato___Septoria_leaf_spot,0.96319336,False
C:\Users\emire\Desktop\plant-disease-pytorch\data\external\PlantDoc-Windows\test\Tomato leaf late blight\110822-206-Tomato-blight__0a965b7907.jpg,Tomato leaf late blight,30,Tomato___Late_blight,30,Tomato___Late_blight,0.9925659,True
C:\Users\emire\Desktop\plant-disease-pytorch\data\external\PlantDoc-Windows\test\Tomato leaf late blight\18c__d101f3c25c.jpg,Tomato leaf late blight,30,Tomato___Late_blight,30,Tomato___Late_blight,0.56504023,True
C:\Users\emire\Desktop\plant-disease-pytorch\data\external\PlantDoc-Windows\test\Tomato leaf late blight\636368370164094909-late-blight-15-__45bb39342f.jpg,Tomato leaf late blight,30,Tomato___Late_blight,30,Tomato___Late_blight,0.99916244,True
C:\Users\emire\Desktop\plant-disease-pytorch\data\external\PlantDoc-Windows\test\Tomato leaf late blight\70__6bc315b761.jpg,Tomato leaf late blight,30,Tomato___Late_blight,29,Tomato___Early_blight,0.95555824,False
C:\Users\emire\Desktop\plant-disease-pytorch\data\external\PlantDoc-Windows\test\Tomato leaf late blight\dsc_8148cs__d7472ce830.jpg,Tomato leaf late blight,30,Tomato___Late_blight,30,Tomato___Late_blight,0.95420015,True
C:\Users\emire\Desktop\plant-disease-pytorch\data\external\PlantDoc-Windows\test\Tomato leaf late blight\E)Tomato-late-blight-foliar__d49d14f402.jpg,Tomato leaf late blight,30,Tomato___Late_blight,30,Tomato___Late_blight,0.99741685,True
C:\Users\emire\Desktop\plant-disease-pytorch\data\external\PlantDoc-Windows\test\Tomato leaf late blight\image__fd5d43352b.jpg,Tomato leaf late blight,30,Tomato___Late_blight,29,Tomato___Early_blight,0.8819498,False
C:\Users\emire\Desktop\plant-disease-pytorch\data\external\PlantDoc-Windows\test\Tomato leaf late blight\IMG_5808__5f8a5ff6fc.jpg,Tomato leaf late blight,30,Tomato___Late_blight,30,Tomato___Late_blight,0.9307184,True
C:\Users\emire\Desktop\plant-disease-pytorch\data\external\PlantDoc-Windows\test\Tomato leaf late blight\late_blight_tomato_leaf_spore1x1200__a9b5c84942.jpg,Tomato leaf late blight,30,Tomato___Late_blight,30,Tomato___Late_blight,0.9572225,True
C:\Users\emire\Desktop\plant-disease-pytorch\data\external\PlantDoc-Windows\test\Tomato leaf late blight\LateBlt09_06__632559ecd3.jpg,Tomato leaf late blight,30,Tomato___Late_blight,29,Tomato___Early_blight,0.9814999,False
C:\Users\emire\Desktop\plant-disease-pytorch\data\external\PlantDoc-Windows\test\Tomato leaf mosaic virus\9511.img__f8532829da.jpg,Tomato leaf mosaic virus,36,Tomato___Tomato_mosaic_virus,30,Tomato___Late_blight,0.6939639,False
C:\Users\emire\Desktop\plant-disease-pytorch\data\external\PlantDoc-Windows\test\Tomato leaf mosaic virus\D)AlfMov__006145f7f7.jpg,Tomato leaf mosaic virus,36,Tomato___Tomato_mosaic_virus,31,Tomato___Leaf_Mold,0.29015356,False
C:\Users\emire\Desktop\plant-disease-pytorch\data\external\PlantDoc-Windows\test\Tomato leaf mosaic virus\everystockphoto-21099455-l__716a8b9321.jpg,Tomato leaf mosaic virus,36,Tomato___Tomato_mosaic_virus,25,Squash___Powdery_mildew,0.2717054,False
C:\Users\emire\Desktop\plant-disease-pytorch\data\external\PlantDoc-Windows\test\Tomato leaf mosaic virus\ill-tomato-of-tomato-mosaic-virus-DBE17N__8d46e4e420.jpg,Tomato leaf mosaic virus,36,Tomato___Tomato_mosaic_virus,35,Tomato___Tomato_Yellow_Leaf_Curl_Virus,0.30202335,False
C:\Users\emire\Desktop\plant-disease-pytorch\data\external\PlantDoc-Windows\test\Tomato leaf mosaic virus\page_2__fb8a78f9ad.jpg,Tomato leaf mosaic virus,36,Tomato___Tomato_mosaic_virus,12,Grape___Esca_(Black_Measles),0.4566903,False
C:\Users\emire\Desktop\plant-disease-pytorch\data\external\PlantDoc-Windows\test\Tomato leaf mosaic virus\tmv-tomato-34__e993349065.jpg,Tomato leaf mosaic virus,36,Tomato___Tomato_mosaic_virus,30,Tomato___Late_blight,0.9380122,False
C:\Users\emire\Desktop\plant-disease-pytorch\data\external\PlantDoc-Windows\test\Tomato leaf mosaic virus\tmv-tomato-9__5ce656d22c.jpg,Tomato leaf mosaic virus,36,Tomato___Tomato_mosaic_virus,30,Tomato___Late_blight,0.9448247,False
C:\Users\emire\Desktop\plant-disease-pytorch\data\external\PlantDoc-Windows\test\Tomato leaf mosaic virus\toma_TMV__b24c50f52f.jpg,Tomato leaf mosaic virus,36,Tomato___Tomato_mosaic_virus,8,Corn_(maize)___Common_rust_,0.18206708,False
C:\Users\emire\Desktop\plant-disease-pytorch\data\external\PlantDoc-Windows\test\Tomato leaf mosaic virus\Tomato-Mosaic-1wdr2jx-300x225__24798529c1.jpg,Tomato leaf mosaic virus,36,Tomato___Tomato_mosaic_virus,35,Tomato___Tomato_Yellow_Leaf_Curl_Virus,0.39522654,False
C:\Users\emire\Desktop\plant-disease-pytorch\data\external\PlantDoc-Windows\test\Tomato leaf mosaic virus\tomato_virus_04_zoom__59341a96b3.jpg,Tomato leaf mosaic virus,36,Tomato___Tomato_mosaic_virus,19,"Pepper,_bell___healthy",0.7833215,False
C:\Users\emire\Desktop\plant-disease-pytorch\data\external\PlantDoc-Windows\test\Tomato leaf yellow virus\11-40580_5__fd75dd342f.jpg,Tomato leaf yellow virus,35,Tomato___Tomato_Yellow_Leaf_Curl_Virus,6,Cherry_(including_sour)___healthy,0.3318486,False
C:\Users\emire\Desktop\plant-disease-pytorch\data\external\PlantDoc-Windows\test\Tomato leaf yellow virus\17fc47__6cd64b13a4.jpg,Tomato leaf yellow virus,35,Tomato___Tomato_Yellow_Leaf_Curl_Virus,30,Tomato___Late_blight,0.41245487,False
C:\Users\emire\Desktop\plant-disease-pytorch\data\external\PlantDoc-Windows\test\Tomato leaf yellow virus\8226402877_9abf151b5b_b__0b111174d4.jpg,Tomato leaf yellow virus,35,Tomato___Tomato_Yellow_Leaf_Curl_Virus,35,Tomato___Tomato_Yellow_Leaf_Curl_Virus,0.4717112,True
C:\Users\emire\Desktop\plant-disease-pytorch\data\external\PlantDoc-Windows\test\Tomato leaf yellow virus\fwa2013313115151__ee720fbd94.jpg,Tomato leaf yellow virus,35,Tomato___Tomato_Yellow_Leaf_Curl_Virus,25,Squash___Powdery_mildew,0.3367344,False
C:\Users\emire\Desktop\plant-disease-pytorch\data\external\PlantDoc-Windows\test\Tomato leaf yellow virus\glyphosate__eaae833364.jpg,Tomato leaf yellow virus,35,Tomato___Tomato_Yellow_Leaf_Curl_Virus,28,Tomato___Bacterial_spot,0.5402125,False
C:\Users\emire\Desktop\plant-disease-pytorch\data\external\PlantDoc-Windows\test\Tomato leaf yellow virus\tylcv-seminar-1-638__57aeba2215.jpg,Tomato leaf yellow virus,35,Tomato___Tomato_Yellow_Leaf_Curl_Virus,30,Tomato___Late_blight,0.23503421,False
C:\Users\emire\Desktop\plant-disease-pytorch\data\external\PlantDoc-Windows\test\Tomato leaf\1684__b619b3ab53.jpg,Tomato leaf,37,Tomato___healthy,19,"Pepper,_bell___healthy",0.4437881,False
C:\Users\emire\Desktop\plant-disease-pytorch\data\external\PlantDoc-Windows\test\Tomato leaf\2013-08-20-06__201838ac09.jpg,Tomato leaf,37,Tomato___healthy,29,Tomato___Early_blight,0.7061251,False
C:\Users\emire\Desktop\plant-disease-pytorch\data\external\PlantDoc-Windows\test\Tomato leaf\90e2c0__f5d290b0cd.jpg,Tomato leaf,37,Tomato___healthy,29,Tomato___Early_blight,0.956387,False
C:\Users\emire\Desktop\plant-disease-pytorch\data\external\PlantDoc-Windows\test\Tomato leaf\DSCN1015.JPG__28e4cdc562.jpg,Tomato leaf,37,Tomato___healthy,30,Tomato___Late_blight,0.6886276,False
C:\Users\emire\Desktop\plant-disease-pytorch\data\external\PlantDoc-Windows\test\Tomato leaf\IMG_1246__621b9e5722.jpg,Tomato leaf,37,Tomato___healthy,30,Tomato___Late_blight,0.6441985,False
C:\Users\emire\Desktop\plant-disease-pytorch\data\external\PlantDoc-Windows\test\Tomato leaf\main-qimg-d9c2a93f60568485c989670d9bbf703b__7628f132cf.jpg,Tomato leaf,37,Tomato___healthy,30,Tomato___Late_blight,0.9384616,False
C:\Users\emire\Desktop\plant-disease-pytorch\data\external\PlantDoc-Windows\test\Tomato leaf\Tomato59.JPG__f496b6ae8e.jpg,Tomato leaf,37,Tomato___healthy,12,Grape___Esca_(Black_Measles),0.3345527,False
C:\Users\emire\Desktop\plant-disease-pytorch\data\external\PlantDoc-Windows\test\Tomato leaf\Tomato_leaf__e48fcfb0c5.jpg,Tomato leaf,37,Tomato___healthy,35,Tomato___Tomato_Yellow_Leaf_Curl_Virus,0.49394518,False
C:\Users\emire\Desktop\plant-disease-pytorch\data\external\PlantDoc-Windows\test\Tomato mold leaf\49 Leafmold Bottom__8b5d543618.jpg,Tomato mold leaf,31,Tomato___Leaf_Mold,30,Tomato___Late_blight,0.9421427,False
C:\Users\emire\Desktop\plant-disease-pytorch\data\external\PlantDoc-Windows\test\Tomato mold leaf\50 Leafmold Top__99183d6748.jpg,Tomato mold leaf,31,Tomato___Leaf_Mold,29,Tomato___Early_blight,0.94529676,False
C:\Users\emire\Desktop\plant-disease-pytorch\data\external\PlantDoc-Windows\test\Tomato mold leaf\BIGSD__a67b550e61.jpg,Tomato mold leaf,31,Tomato___Leaf_Mold,30,Tomato___Late_blight,0.24800856,False
C:\Users\emire\Desktop\plant-disease-pytorch\data\external\PlantDoc-Windows\test\Tomato mold leaf\black_leaf_mold_in_zina_tina__a5983556ed.jpg,Tomato mold leaf,31,Tomato___Leaf_Mold,30,Tomato___Late_blight,0.36163265,False
C:\Users\emire\Desktop\plant-disease-pytorch\data\external\PlantDoc-Windows\test\Tomato mold leaf\dscn6689__c91d274ad9.jpg,Tomato mold leaf,31,Tomato___Leaf_Mold,30,Tomato___Late_blight,0.9874802,False
C:\Users\emire\Desktop\plant-disease-pytorch\data\external\PlantDoc-Windows\test\Tomato mold leaf\fungus-univ-of-minnesoeta__e1930af6eb.jpg,Tomato mold leaf,31,Tomato___Leaf_Mold,29,Tomato___Early_blight,0.92498463,False
C:\Users\emire\Desktop\plant-disease-pytorch\data\external\PlantDoc-Windows\test\grape leaf black rot\03gb__c25cdc5084.jpg,grape leaf black rot,11,Grape___Black_rot,30,Tomato___Late_blight,0.5750895,False
C:\Users\emire\Desktop\plant-disease-pytorch\data\external\PlantDoc-Windows\test\grape leaf black rot\35589125035_662dd5b258_b__f683b552a3.jpg,grape leaf black rot,11,Grape___Black_rot,20,Potato___Early_blight,0.6297925,False
C:\Users\emire\Desktop\plant-disease-pytorch\data\external\PlantDoc-Windows\test\grape leaf black rot\5-29black-rot-chardRR__cd2323e383.jpg,grape leaf black rot,11,Grape___Black_rot,11,Grape___Black_rot,0.9371389,True
C:\Users\emire\Desktop\plant-disease-pytorch\data\external\PlantDoc-Windows\test\grape leaf black rot\Black rot on foliage2__12aba310b3.jpg,grape leaf black rot,11,Grape___Black_rot,11,Grape___Black_rot,0.6587081,True
C:\Users\emire\Desktop\plant-disease-pytorch\data\external\PlantDoc-Windows\test\grape leaf black rot\Black rot on foliage__73358a6b9d.jpg,grape leaf black rot,11,Grape___Black_rot,10,Corn_(maize)___healthy,0.34330988,False
C:\Users\emire\Desktop\plant-disease-pytorch\data\external\PlantDoc-Windows\test\grape leaf black rot\brleaf2_zoom__44584a5828.jpg,grape leaf black rot,11,Grape___Black_rot,12,Grape___Esca_(Black_Measles),0.744643,False
C:\Users\emire\Desktop\plant-disease-pytorch\data\external\PlantDoc-Windows\test\grape leaf black rot\grape_F15a__2156c19da7.jpg,grape leaf black rot,11,Grape___Black_rot,12,Grape___Esca_(Black_Measles),0.6768354,False
C:\Users\emire\Desktop\plant-disease-pytorch\data\external\PlantDoc-Windows\test\grape leaf black rot\piano gully spray seed damage 06 (9).JPG__aac6a631fe.jpg,grape leaf black rot,11,Grape___Black_rot,11,Grape___Black_rot,0.6004015,True
C:\Users\emire\Desktop\plant-disease-pytorch\data\external\PlantDoc-Windows\test\grape leaf\0000__6667c3a055.jpg,grape leaf,14,Grape___healthy,14,Grape___healthy,0.4567481,True
C:\Users\emire\Desktop\plant-disease-pytorch\data\external\PlantDoc-Windows\test\grape leaf\730-grape-leaf-2560x1600-nature-wallpaper__98e62f4a36.jpg,grape leaf,14,Grape___healthy,30,Tomato___Late_blight,0.8346643,False
C:\Users\emire\Desktop\plant-disease-pytorch\data\external\PlantDoc-Windows\test\grape leaf\depositphotos_3443387-stock-photo-the-green-grape-leaf-on__1839858f0b.jpg,grape leaf,14,Grape___healthy,14,Grape___healthy,0.99362856,True
C:\Users\emire\Desktop\plant-disease-pytorch\data\external\PlantDoc-Windows\test\grape leaf\depositphotos_6898486-stock-photo-grape-leaves__e761a6c1bf.jpg,grape leaf,14,Grape___healthy,30,Tomato___Late_blight,0.8059017,False
C:\Users\emire\Desktop\plant-disease-pytorch\data\external\PlantDoc-Windows\test\grape leaf\DSCN7317.JPG__6d3f749ffb.jpg,grape leaf,14,Grape___healthy,6,Cherry_(including_sour)___healthy,0.39383477,False
C:\Users\emire\Desktop\plant-disease-pytorch\data\external\PlantDoc-Windows\test\grape leaf\grape-leaf-14309623__a6b9635027.jpg,grape leaf,14,Grape___healthy,14,Grape___healthy,0.9990883,True
C:\Users\emire\Desktop\plant-disease-pytorch\data\external\PlantDoc-Windows\test\grape leaf\grape-leaf-picture-id119212425_k=6&m=119212425&s=612x612&w=0&h=8RZBWGcvXe4tAwhhvYZVFzWyRyiN5iTxKfWBpPT1FcU=__8742cd3e10.jpg,grape leaf,14,Grape___healthy,14,Grape___healthy,0.9760994,True
C:\Users\emire\Desktop\plant-disease-pytorch\data\external\PlantDoc-Windows\test\grape leaf\grapes-leaves__3dc5a85c8c.jpg,grape leaf,14,Grape___healthy,14,Grape___healthy,0.38038206,True
C:\Users\emire\Desktop\plant-disease-pytorch\data\external\PlantDoc-Windows\test\grape leaf\grapevine-leaf-7466071__57621f5c01.jpg,grape leaf,14,Grape___healthy,30,Tomato___Late_blight,0.54429543,False
C:\Users\emire\Desktop\plant-disease-pytorch\data\external\PlantDoc-Windows\test\grape leaf\latest_cb=20100621160325__aeec9bcc6a.jpg,grape leaf,14,Grape___healthy,14,Grape___healthy,0.8994068,True
C:\Users\emire\Desktop\plant-disease-pytorch\data\external\PlantDoc-Windows\test\grape leaf\P1130286__fd8fb8d597.jpg,grape leaf,14,Grape___healthy,10,Corn_(maize)___healthy,0.43818814,False
C:\Users\emire\Desktop\plant-disease-pytorch\data\external\PlantDoc-Windows\test\grape leaf\vitis-riparia-le-ahaines-b__7cf55ea1ac.jpg,grape leaf,14,Grape___healthy,11,Grape___Black_rot,0.5675364,False
