cosine_similarity,very_high_similarity,high_similarity,split_pair,class_name,path_a,path_b,leaf_id_a,leaf_id_b,involves_unmapped_leaf
0.983994722366333,False,False,test--train,Corn_(maize)___Northern_Leaf_Blight,train\Corn_(maize)___Northern_Leaf_Blight\83327a8d-9bfd-49d6-9fc9-bc065a379bce___RS_NLB 4044 copy 2.jpg,train\Corn_(maize)___Northern_Leaf_Blight\b7ec2193-2a49-43b9-9962-7a13d472e668___RS_NLB 4044.JPG,,,True
0.980789065361023,False,False,test--train,Tomato___Tomato_Yellow_Leaf_Curl_Virus,train\Tomato___Tomato_Yellow_Leaf_Curl_Virus\40e7fe81-36f4-4810-ac4b-5d0da240880f___UF.GRC_YLCV_Lab 02864.JPG,train\Tomato___Tomato_Yellow_Leaf_Curl_Virus\36fe1ff2-b5a0-45c4-9920-0c5825713e48___UF.GRC_YLCV_Lab 02873.JPG,,,True
0.9805881977081299,False,False,test--train,Corn_(maize)___healthy,train\Corn_(maize)___healthy\3b1e3c0f-e493-4d5f-866b-c2274d307471___R.S_HL 0608.JPG,train\Corn_(maize)___healthy\2255588b-9281-4d7e-959f-cff61f97eb6b___R.S_HL 0608 copy 2.jpg,,,True
0.9797278642654419,False,False,test--train,Tomato___healthy,val\Tomato___healthy\068e324c-faf6-40d6-8f83-578907f1cac5___GH_HL Leaf 466.1.JPG,train\Tomato___healthy\b3813caa-82f2-4b9b-a5ef-a9f0db6f08bf___GH_HL Leaf 466.JPG,,,True
0.9789936542510986,False,False,test--train,Tomato___Tomato_Yellow_Leaf_Curl_Virus,train\Tomato___Tomato_Yellow_Leaf_Curl_Virus\7c215f7a-4aaf-4461-a727-7e4777daa562___UF.GRC_YLCV_Lab 01624.JPG,train\Tomato___Tomato_Yellow_Leaf_Curl_Virus\c2e89c8f-a64a-4396-aec9-da55a1a6f98d___UF.GRC_YLCV_Lab 01631.JPG,,,True
0.9785787463188171,False,False,test--train,Tomato___Tomato_Yellow_Leaf_Curl_Virus,train\Tomato___Tomato_Yellow_Leaf_Curl_Virus\6d998ee6-e936-4206-a213-062c36b0d61e___UF.GRC_YLCV_Lab 02877.JPG,train\Tomato___Tomato_Yellow_Leaf_Curl_Virus\6041f290-bdf5-425f-a38f-44f57a7548ba___UF.GRC_YLCV_Lab 02883.JPG,,,True
0.9785177707672119,False,False,train--validation,Tomato___healthy,train\Tomato___healthy\5216e02b-891f-4b00-9768-73f13e6d8ebf___GH_HL Leaf 433.1.JPG,train\Tomato___healthy\6c125a79-9b14-4a91-8f03-342910c7fe57___GH_HL Leaf 433.JPG,,,True
0.9782569408416748,False,False,train--validation,Tomato___Tomato_Yellow_Leaf_Curl_Virus,train\Tomato___Tomato_Yellow_Leaf_Curl_Virus\90703f86-170c-4ef4-8fc1-8a165b2eb15e___UF.GRC_YLCV_Lab 01948.JPG,train\Tomato___Tomato_Yellow_Leaf_Curl_Virus\65bd48f0-6b6f-48b5-a6c5-b855e374f7ea___UF.GRC_YLCV_Lab 01949.JPG,,,True
0.978229284286499,False,False,test--train,Corn_(maize)___healthy,train\Corn_(maize)___healthy\8254e846-2b6a-47bd-87a0-23a1b435eb20___R.S_HL 0599.JPG,train\Corn_(maize)___healthy\64150a14-e8fa-4301-a7ba-52ca7d592b4a___R.S_HL 0599 copy 3.jpg,,,True
0.9781327247619629,False,False,test--train,Tomato___Tomato_Yellow_Leaf_Curl_Virus,train\Tomato___Tomato_Yellow_Leaf_Curl_Virus\9e55c7a7-454c-49e8-8308-e20024c53268___UF.GRC_YLCV_Lab 03192.JPG,train\Tomato___Tomato_Yellow_Leaf_Curl_Virus\6092f6e6-8fbd-4069-aa45-dccda5f8d97f___UF.GRC_YLCV_Lab 03193.JPG,,,True
0.9773452281951904,False,False,train--validation,Tomato___Tomato_Yellow_Leaf_Curl_Virus,train\Tomato___Tomato_Yellow_Leaf_Curl_Virus\54c543f1-5d0e-4d0f-b65e-e42fec4a82b9___UF.GRC_YLCV_Lab 03112.JPG,val\Tomato___Tomato_Yellow_Leaf_Curl_Virus\150f2e9e-1317-492d-a926-3014853ea6de___UF.GRC_YLCV_Lab 03116.JPG,,,True
0.9768961071968079,False,False,train--validation,Tomato___healthy,val\Tomato___healthy\c2f44d15-cc56-44eb-afce-b53e919becb9___GH_HL Leaf 398.JPG,train\Tomato___healthy\5a7de071-ba6b-4a06-a3d4-eab0abdc6ecf___GH_HL Leaf 398.1.JPG,,,True
0.9763534665107727,False,False,train--validation,Tomato___Tomato_Yellow_Leaf_Curl_Virus,train\Tomato___Tomato_Yellow_Leaf_Curl_Virus\f3e276a5-57d6-426d-9fa5-1ddc9a6b467b___UF.GRC_YLCV_Lab 02562.JPG,train\Tomato___Tomato_Yellow_Leaf_Curl_Virus\9244f1d0-c42b-49aa-99cf-eb2830a09939___UF.GRC_YLCV_Lab 02559.JPG,,,True
0.9763073921203613,False,False,train--validation,Grape___healthy,train\Grape___healthy\15fc132f-e222-4eda-bc5c-32e49def3eaa___Mt.N.V_HL 9090.JPG,val\Grape___healthy\f7c74956-3e0c-4669-b313-bf6e4559a91d___Mt.N.V_HL 9086.JPG,,,True
0.975343644618988,False,False,test--train,Tomato___Tomato_Yellow_Leaf_Curl_Virus,train\Tomato___Tomato_Yellow_Leaf_Curl_Virus\193f32a3-11a4-4d39-a88c-a1bc44e61d66___UF.GRC_YLCV_Lab 02863.JPG,train\Tomato___Tomato_Yellow_Leaf_Curl_Virus\cc6509ac-44dd-4bdb-b22c-fdc611f4a74b___UF.GRC_YLCV_Lab 02875.JPG,,,True
0.9750350713729858,False,False,train--validation,Tomato___Tomato_Yellow_Leaf_Curl_Virus,train\Tomato___Tomato_Yellow_Leaf_Curl_Virus\6dce29d9-72d5-4acb-8cb0-2e252ad40f69___UF.GRC_YLCV_Lab 03349.JPG,val\Tomato___Tomato_Yellow_Leaf_Curl_Virus\ab062566-4f9f-4599-829d-e9e2b174ce6c___UF.GRC_YLCV_Lab 03351.JPG,,,True
0.9748894572257996,False,False,test--train,Tomato___Tomato_Yellow_Leaf_Curl_Virus,train\Tomato___Tomato_Yellow_Leaf_Curl_Virus\f64b7e94-181f-4741-8a22-e52271503593___UF.GRC_YLCV_Lab 02327.JPG,train\Tomato___Tomato_Yellow_Leaf_Curl_Virus\5bfca510-62b9-4e1b-99a4-47c98eeda0a5___UF.GRC_YLCV_Lab 02328.JPG,,,True
0.9741755127906799,False,False,train--validation,Tomato___Tomato_Yellow_Leaf_Curl_Virus,val\Tomato___Tomato_Yellow_Leaf_Curl_Virus\a7e7f799-1284-4883-b0dd-2f662b428307___UF.GRC_YLCV_Lab 01947.JPG,train\Tomato___Tomato_Yellow_Leaf_Curl_Virus\34f24add-23dc-4ac4-8efd-5c4e065e48bc___UF.GRC_YLCV_Lab 01946.JPG,,,True
0.974035382270813,False,False,test--train,Corn_(maize)___Northern_Leaf_Blight,train\Corn_(maize)___Northern_Leaf_Blight\0118e276-ee7b-4fed-961d-057590ae9f7f___RS_NLB 4666 copy 2.jpg,train\Corn_(maize)___Northern_Leaf_Blight\36c5fd81-d688-4013-8635-19d0fd14eeb9___RS_NLB 4666.JPG,,,True
0.9740127325057983,False,False,test--train,Tomato___Tomato_Yellow_Leaf_Curl_Virus,train\Tomato___Tomato_Yellow_Leaf_Curl_Virus\4ead057d-3548-411a-a573-fe75c1218719___UF.GRC_YLCV_Lab 02608.JPG,train\Tomato___Tomato_Yellow_Leaf_Curl_Virus\af7f7077-9ebf-478f-ac0f-4f1ec52766db___UF.GRC_YLCV_Lab 02607.JPG,,,True
0.9738736152648926,False,False,test--train,Tomato___Tomato_Yellow_Leaf_Curl_Virus,train\Tomato___Tomato_Yellow_Leaf_Curl_Virus\acd4315f-0846-4fe7-939e-ebe85bcd82e1___UF.GRC_YLCV_Lab 02277.JPG,train\Tomato___Tomato_Yellow_Leaf_Curl_Virus\eec4f920-1035-4846-86fa-63ec4f218229___UF.GRC_YLCV_Lab 02283.JPG,,,True
0.9738135933876038,False,False,train--validation,Tomato___Tomato_Yellow_Leaf_Curl_Virus,train\Tomato___Tomato_Yellow_Leaf_Curl_Virus\a6d9fce3-02d6-464c-bf8e-795b78dcc7e7___UF.GRC_YLCV_Lab 01667.JPG,train\Tomato___Tomato_Yellow_Leaf_Curl_Virus\86089870-b24b-4509-abc3-f6c50fd07e49___UF.GRC_YLCV_Lab 01677.JPG,,,True
0.9737439155578613,False,False,train--validation,Tomato___Tomato_Yellow_Leaf_Curl_Virus,train\Tomato___Tomato_Yellow_Leaf_Curl_Virus\cf6b1631-2e64-492c-ae12-60cdea9f205b___UF.GRC_YLCV_Lab 02582.JPG,val\Tomato___Tomato_Yellow_Leaf_Curl_Virus\bdd2fe13-a09d-4419-957e-3910234f8d0d___UF.GRC_YLCV_Lab 02581.JPG,,,True
0.9735361337661743,False,False,test--train,Tomato___Tomato_Yellow_Leaf_Curl_Virus,val\Tomato___Tomato_Yellow_Leaf_Curl_Virus\ab310156-ed1c-4275-b801-4a93be798356___UF.GRC_YLCV_Lab 01672.JPG,val\Tomato___Tomato_Yellow_Leaf_Curl_Virus\5c520352-9e9d-4771-aaca-957f56406c0a___UF.GRC_YLCV_Lab 01673.JPG,,,True
0.9735348224639893,False,False,test--train,Tomato___Tomato_Yellow_Leaf_Curl_Virus,train\Tomato___Tomato_Yellow_Leaf_Curl_Virus\9602912b-4775-4b3a-9bf9-9613909e2774___UF.GRC_YLCV_Lab 01642.JPG,train\Tomato___Tomato_Yellow_Leaf_Curl_Virus\a65c03a7-d1ef-4e78-931d-881d37383224___UF.GRC_YLCV_Lab 01641.JPG,,,True
0.9734413623809814,False,False,train--validation,Tomato___Tomato_Yellow_Leaf_Curl_Virus,train\Tomato___Tomato_Yellow_Leaf_Curl_Virus\f687eae8-3b47-49e9-a63c-714318ddea7f___UF.GRC_YLCV_Lab 02482.JPG,train\Tomato___Tomato_Yellow_Leaf_Curl_Virus\17a589c7-54de-4d2a-abc9-bc43c5bc1ef0___UF.GRC_YLCV_Lab 02475.JPG,,,True
0.9733759164810181,False,False,test--validation,Tomato___Tomato_Yellow_Leaf_Curl_Virus,train\Tomato___Tomato_Yellow_Leaf_Curl_Virus\c04607d5-5ec0-4065-9428-61f78b5162dd___UF.GRC_YLCV_Lab 03123.JPG,train\Tomato___Tomato_Yellow_Leaf_Curl_Virus\09f556e6-ee96-4397-90c7-e491169ad065___UF.GRC_YLCV_Lab 03121.JPG,,,True
0.9733598232269287,False,False,test--train,Tomato___Tomato_Yellow_Leaf_Curl_Virus,val\Tomato___Tomato_Yellow_Leaf_Curl_Virus\bf4b5f5f-b0a7-4dbe-bca7-62f662d90cd2___UF.GRC_YLCV_Lab 02065.JPG,train\Tomato___Tomato_Yellow_Leaf_Curl_Virus\2163ce75-fc7d-4758-8f95-4f1db8fbf1b7___UF.GRC_YLCV_Lab 02066.JPG,,,True
0.9733449220657349,False,False,test--train,Tomato___healthy,train\Tomato___healthy\3be50742-0fe9-404a-809e-9597793748a8___GH_HL Leaf 191.JPG,train\Tomato___healthy\32622151-b281-4603-9d7f-cf5df8201e4c___GH_HL Leaf 171.JPG,,,True
0.9731594324111938,False,False,train--validation,Corn_(maize)___healthy,val\Corn_(maize)___healthy\e546154c-1e6e-4914-bcbd-557eb212f63f___R.S_HL 0600 copy.jpg,val\Corn_(maize)___healthy\07eae7fd-96f5-4f09-ba7a-1b108987c6af___R.S_HL 0600 copy 3.jpg,,,True
0.9731130599975586,False,False,test--train,Tomato___Tomato_Yellow_Leaf_Curl_Virus,train\Tomato___Tomato_Yellow_Leaf_Curl_Virus\39cd6c3d-f927-4992-9a8c-df459752aab6___UF.GRC_YLCV_Lab 01887.JPG,val\Tomato___Tomato_Yellow_Leaf_Curl_Virus\ad8be223-b783-42e5-84ba-d25f54252ec1___UF.GRC_YLCV_Lab 01885.JPG,,,True
0.97310870885849,False,False,test--train,Tomato___Tomato_Yellow_Leaf_Curl_Virus,val\Tomato___Tomato_Yellow_Leaf_Curl_Virus\162a2c9a-53ec-468c-bbaa-145e7acdb8db___UF.GRC_YLCV_Lab 02537.JPG,train\Tomato___Tomato_Yellow_Leaf_Curl_Virus\c6cb3a61-4f50-478f-9097-b21f470ce971___UF.GRC_YLCV_Lab 02536.JPG,,,True
0.9730433225631714,False,False,test--train,Tomato___healthy,train\Tomato___healthy\9721c76f-52cc-4a63-a465-4cc32974806c___GH_HL Leaf 431.1.JPG,val\Tomato___healthy\c1dfd66e-7c0c-40a7-8280-0aa1aaf5436b___GH_HL Leaf 431.JPG,,,True
0.9729819297790527,False,False,test--train,Tomato___healthy,train\Tomato___healthy\240a9583-9e6a-446d-8850-62bc23312ce9___GH_HL Leaf 312.4.JPG,train\Tomato___healthy\0b330273-890c-4995-af72-cba070fc0061___GH_HL Leaf 312.JPG,,,True
0.9728366136550903,False,False,test--train,Tomato___Tomato_Yellow_Leaf_Curl_Virus,train\Tomato___Tomato_Yellow_Leaf_Curl_Virus\fde59a55-1ee4-44d3-936f-c8f2cdb70f6a___UF.GRC_YLCV_Lab 02647.JPG,train\Tomato___Tomato_Yellow_Leaf_Curl_Virus\9e962b25-a670-4e4c-bbf2-1adb5af08dfd___UF.GRC_YLCV_Lab 02648.JPG,,,True
0.9727532863616943,False,False,test--train,Tomato___Tomato_Yellow_Leaf_Curl_Virus,train\Tomato___Tomato_Yellow_Leaf_Curl_Virus\49c01986-9483-4a7e-903f-d9bf612d4bf3___UF.GRC_YLCV_Lab 02605.JPG,train\Tomato___Tomato_Yellow_Leaf_Curl_Virus\c0017c23-2967-4d0a-8aea-92a899763538___UF.GRC_YLCV_Lab 02595.JPG,,,True
0.972732663154602,False,False,test--train,Tomato___healthy,train\Tomato___healthy\085cbe78-1d5c-45eb-877f-f409526032d5___GH_HL Leaf 469.JPG,val\Tomato___healthy\a2317e6a-8548-432c-b69f-0f6daada41fa___GH_HL Leaf 469.1.JPG,,,True
0.9726608991622925,False,False,test--train,Tomato___Tomato_Yellow_Leaf_Curl_Virus,val\Tomato___Tomato_Yellow_Leaf_Curl_Virus\a6eb66ba-e889-4796-8e86-dae5b9171bdd___UF.GRC_YLCV_Lab 09489.JPG,train\Tomato___Tomato_Yellow_Leaf_Curl_Virus\6bb9b8e3-bc25-4ae6-94b5-b33e9a085ab3___UF.GRC_YLCV_Lab 09490.JPG,,,True
0.972655177116394,False,False,train--validation,Tomato___Tomato_Yellow_Leaf_Curl_Virus,train\Tomato___Tomato_Yellow_Leaf_Curl_Virus\457a69a1-8599-4401-bda6-3f295011ff44___UF.GRC_YLCV_Lab 03111.JPG,val\Tomato___Tomato_Yellow_Leaf_Curl_Virus\fc8c58be-8910-4fc4-a846-16baf3fbac5f___UF.GRC_YLCV_Lab 03128.JPG,,,True
0.9725080728530884,False,False,test--train,Tomato___Tomato_Yellow_Leaf_Curl_Virus,train\Tomato___Tomato_Yellow_Leaf_Curl_Virus\7af3e6d8-ed22-4ca0-8244-68fab4bca2bf___UF.GRC_YLCV_Lab 02375.JPG,val\Tomato___Tomato_Yellow_Leaf_Curl_Virus\c7cae581-0ef1-4e2f-8b45-36fb037fdbc7___UF.GRC_YLCV_Lab 02374.JPG,,,True
0.9724278450012207,False,False,train--validation,Tomato___Tomato_Yellow_Leaf_Curl_Virus,train\Tomato___Tomato_Yellow_Leaf_Curl_Virus\6f229bf2-8e59-48ee-a175-7b7ca2768c58___UF.GRC_YLCV_Lab 02690.JPG,train\Tomato___Tomato_Yellow_Leaf_Curl_Virus\c7f27180-6d22-4f3e-9d52-dab4bd9bb11e___UF.GRC_YLCV_Lab 02689.JPG,,,True
0.9721450805664062,False,False,test--train,Tomato___Tomato_Yellow_Leaf_Curl_Virus,train\Tomato___Tomato_Yellow_Leaf_Curl_Virus\45c45c8b-6648-450c-aa7d-14a9538b4259___UF.GRC_YLCV_Lab 01601.JPG,train\Tomato___Tomato_Yellow_Leaf_Curl_Virus\d0796bf3-84c1-4d44-b59e-fb7779bb80fd___UF.GRC_YLCV_Lab 01598.JPG,,,True
0.9721325635910034,False,False,test--train,Tomato___healthy,train\Tomato___healthy\ab1658d8-ef48-4068-b2b5-ce49fb3d06c0___GH_HL Leaf 397.1.JPG,train\Tomato___healthy\51e66b4b-c192-432f-bc52-d1c86a8da427___GH_HL Leaf 397.JPG,,,True
0.9721314907073975,False,False,test--train,Tomato___Tomato_Yellow_Leaf_Curl_Virus,train\Tomato___Tomato_Yellow_Leaf_Curl_Virus\c0732fd4-5ec2-46bd-9d47-e0da19c8f8ca___UF.GRC_YLCV_Lab 09349.JPG,train\Tomato___Tomato_Yellow_Leaf_Curl_Virus\566e2c0c-8bed-41e3-92c3-2b1c88afe145___UF.GRC_YLCV_Lab 09345.JPG,,,True
0.9721041917800903,False,False,test--train,Squash___Powdery_mildew,train\Squash___Powdery_mildew\31860c62-1764-47e7-a935-10744b16839e___MD_Powd.M 9906.JPG,train\Squash___Powdery_mildew\0497fd4d-459e-4179-abb7-04e055ce5434___MD_Powd.M 9905.JPG,,,True
0.972032904624939,False,False,train--validation,Grape___healthy,val\Grape___healthy\d232a29e-e702-4b4e-b568-f022ffd375c4___Mt.N.V_HL 6158.JPG,val\Grape___healthy\4b266fb8-a762-4073-a9e2-25a3861115c4___Mt.N.V_HL 6152.JPG,,,True
0.9720278978347778,False,False,test--train,Tomato___Tomato_Yellow_Leaf_Curl_Virus,val\Tomato___Tomato_Yellow_Leaf_Curl_Virus\180ef991-3ed2-41d8-93b6-c1791d745669___UF.GRC_YLCV_Lab 01678.JPG,train\Tomato___Tomato_Yellow_Leaf_Curl_Virus\86089870-b24b-4509-abc3-f6c50fd07e49___UF.GRC_YLCV_Lab 01677.JPG,,,True
0.97197026014328,False,False,train--validation,Tomato___Tomato_Yellow_Leaf_Curl_Virus,train\Tomato___Tomato_Yellow_Leaf_Curl_Virus\f138d094-5681-4f5c-8125-2f29ce924ce6___UF.GRC_YLCV_Lab 09476.JPG,val\Tomato___Tomato_Yellow_Leaf_Curl_Virus\057552a8-8c38-443f-b523-5ee2b428e622___UF.GRC_YLCV_Lab 09477.JPG,,,True
0.9719685316085815,False,False,test--train,Tomato___Tomato_Yellow_Leaf_Curl_Virus,train\Tomato___Tomato_Yellow_Leaf_Curl_Virus\89de7ddc-d78b-44fb-b1e5-80333e62ee33___UF.GRC_YLCV_Lab 02285.JPG,train\Tomato___Tomato_Yellow_Leaf_Curl_Virus\ab323376-9f62-4454-b478-7de2bb02ab59___UF.GRC_YLCV_Lab 02286.JPG,,,True
0.9719268083572388,False,False,test--train,Tomato___Tomato_Yellow_Leaf_Curl_Virus,val\Tomato___Tomato_Yellow_Leaf_Curl_Virus\5cca9ef3-355a-49a5-a472-61fc9f4a2685___UF.GRC_YLCV_Lab 03229.JPG,train\Tomato___Tomato_Yellow_Leaf_Curl_Virus\ed1d52ff-5971-4c9a-bdde-3de21492f57c___UF.GRC_YLCV_Lab 03230.JPG,,,True
0.9719105958938599,False,False,test--train,Tomato___Tomato_Yellow_Leaf_Curl_Virus,train\Tomato___Tomato_Yellow_Leaf_Curl_Virus\70405b14-c0d9-4060-bc08-cd424e4f28fb___UF.GRC_YLCV_Lab 01780.JPG,train\Tomato___Tomato_Yellow_Leaf_Curl_Virus\edf03af4-9432-40f3-a6a0-d11b902bfa08___UF.GRC_YLCV_Lab 01782.JPG,,,True
0.9718189239501953,False,False,test--train,Corn_(maize)___Northern_Leaf_Blight,train\Corn_(maize)___Northern_Leaf_Blight\9943cc83-f708-487b-b45e-a9ac23ee3973___RS_NLB 4045.JPG,train\Corn_(maize)___Northern_Leaf_Blight\3513a96e-7db5-4a2b-9dd8-79847c92e75b___RS_NLB 4045 copy 2.jpg,,,True
0.9718103408813477,False,False,test--train,Cherry_(including_sour)___healthy,val\Cherry_(including_sour)___healthy\0bfa6184-b84f-4d8e-9910-74abd315009a___JR_HL 9480.JPG,train\Cherry_(including_sour)___healthy\2fcace57-26cb-485b-aff6-dbf4bae23ceb___JR_HL 9583.JPG,Cherry_(including_sour)___healthy:::47.0,Cherry_(including_sour)___healthy:::61.0,False
0.9716819524765015,False,False,test--validation,Tomato___Tomato_Yellow_Leaf_Curl_Virus,train\Tomato___Tomato_Yellow_Leaf_Curl_Virus\f59fd2ad-4d7f-4527-9db1-7e07cc1f60e4___UF.GRC_YLCV_Lab 02105.JPG,train\Tomato___Tomato_Yellow_Leaf_Curl_Virus\f6db71b7-a053-479a-b6fc-ab891ecea0ef___UF.GRC_YLCV_Lab 02111.JPG,,,True
0.9714612364768982,False,False,test--validation,Tomato___Tomato_Yellow_Leaf_Curl_Virus,train\Tomato___Tomato_Yellow_Leaf_Curl_Virus\a63b294e-c199-4f6b-ae02-23e0617143b3___UF.GRC_YLCV_Lab 08538.JPG,train\Tomato___Tomato_Yellow_Leaf_Curl_Virus\8ac16bec-8484-499f-a86d-fbc6bcbe1c29___UF.GRC_YLCV_Lab 08539.JPG,,,True
0.9712883234024048,False,False,test--train,Tomato___Tomato_Yellow_Leaf_Curl_Virus,train\Tomato___Tomato_Yellow_Leaf_Curl_Virus\2bacf882-d3ba-4ac6-829e-2efbee8d04d8___UF.GRC_YLCV_Lab 03237.JPG,train\Tomato___Tomato_Yellow_Leaf_Curl_Virus\0a22fcaa-634d-4711-b2a8-777063377543___UF.GRC_YLCV_Lab 03238.JPG,,,True
0.9709259271621704,False,False,train--validation,Grape___healthy,val\Grape___healthy\18830d61-997d-438c-bd24-4dd427a45c4d___Mt.N.V_HL 6123.JPG,train\Grape___healthy\e1520328-8fdd-42a9-bd49-95721a89078c___Mt.N.V_HL 6125.JPG,,,True
0.9708917737007141,False,False,test--train,Tomato___Tomato_Yellow_Leaf_Curl_Virus,train\Tomato___Tomato_Yellow_Leaf_Curl_Virus\1d89e540-4dc1-442f-a5d8-b44bb5100bda___UF.GRC_YLCV_Lab 02480.JPG,train\Tomato___Tomato_Yellow_Leaf_Curl_Virus\65d524ac-cd59-49d4-9f94-399c83c60fc1___UF.GRC_YLCV_Lab 02481.JPG,,,True
0.9707516431808472,False,False,test--train,Tomato___healthy,train\Tomato___healthy\c3a27dc9-0abc-4828-9163-f55530332cab___GH_HL Leaf 228.JPG,train\Tomato___healthy\0902aa8e-e4f7-4c29-b11a-b2b7f24fe61c___GH_HL Leaf 228.1.JPG,,,True
0.9706850051879883,False,False,train--validation,Tomato___Tomato_Yellow_Leaf_Curl_Virus,train\Tomato___Tomato_Yellow_Leaf_Curl_Virus\b3481eef-aed0-41cf-a27b-ffbcff8b7928___UF.GRC_YLCV_Lab 02464.JPG,train\Tomato___Tomato_Yellow_Leaf_Curl_Virus\513e8592-6fca-4084-bd75-cc1b52bf45dd___UF.GRC_YLCV_Lab 02461.JPG,,,True
0.9706552624702454,False,False,train--validation,Grape___healthy,train\Grape___healthy\0f7500d4-cf47-4f9f-a505-455a4f7ca2e6___Mt.N.V_HL 9043.JPG,train\Grape___healthy\37730143-a639-46a3-b6a5-e1385e8ae4a4___Mt.N.V_HL 9049.JPG,,,True
0.97062087059021,False,False,test--train,Tomato___Tomato_Yellow_Leaf_Curl_Virus,train\Tomato___Tomato_Yellow_Leaf_Curl_Virus\6bd39b91-63eb-4b23-9fe2-67ceed0a8a8c___UF.GRC_YLCV_Lab 02052.JPG,train\Tomato___Tomato_Yellow_Leaf_Curl_Virus\6f22936e-2dac-423c-b046-aa1fe8a25978___UF.GRC_YLCV_Lab 02053.JPG,,,True
0.9706165790557861,False,False,test--train,Cherry_(including_sour)___healthy,train\Cherry_(including_sour)___healthy\f942f9e6-c4b4-4928-90f3-171cc6ccd9cb___JR_HL 9772.JPG,train\Cherry_(including_sour)___healthy\0048afb8-b950-4c57-9e72-7e26282327ee___JR_HL 9765.JPG,Cherry_(including_sour)___healthy:::86.0,Cherry_(including_sour)___healthy:::85.0,False
0.9704024791717529,False,False,test--train,Tomato___Tomato_Yellow_Leaf_Curl_Virus,train\Tomato___Tomato_Yellow_Leaf_Curl_Virus\19869eb6-51a1-448f-8326-af002366b2a9___UF.GRC_YLCV_Lab 02502.JPG,val\Tomato___Tomato_Yellow_Leaf_Curl_Virus\ebd9dc97-b19b-42e7-9e29-decff58ccd8a___UF.GRC_YLCV_Lab 02501.JPG,,,True
0.9703942537307739,False,False,test--train,Tomato___healthy,train\Tomato___healthy\709e6c14-61e3-4157-b371-f143ca5b1fda___GH_HL Leaf 256.JPG,train\Tomato___healthy\3b4a011c-68ae-4b84-90b5-27ef4b2d3447___GH_HL Leaf 255.JPG,,,True
0.9703137278556824,False,False,test--train,Tomato___Late_blight,train\Tomato___Late_blight\25fa2bdf-15e3-4330-8e54-1cbf6b714d3d___GHLB2 Leaf 133.JPG,train\Tomato___Late_blight\2a49b85e-6b7a-4a55-82c3-f596ed09f82d___GHLB2 Leaf 133.1.JPG,,,True
0.9702821969985962,False,False,test--train,Tomato___Late_blight,val\Tomato___Late_blight\0ed7d5f6-9394-4ae7-87db-3de58f469263___GHLB2 Leaf 8732.JPG,train\Tomato___Late_blight\02a3e0cd-04da-4e08-b929-167bcb7f46f4___GHLB2 Leaf 8731.JPG,,,True
0.9701597690582275,False,False,test--train,Tomato___Tomato_Yellow_Leaf_Curl_Virus,val\Tomato___Tomato_Yellow_Leaf_Curl_Virus\70009c19-7424-4ce8-96e8-9eef439e4c9e___UF.GRC_YLCV_Lab 02056.JPG,val\Tomato___Tomato_Yellow_Leaf_Curl_Virus\7bff3fb7-788d-414c-bf0e-92a5ce4a4757___UF.GRC_YLCV_Lab 02064.JPG,,,True
0.9698199033737183,False,False,test--train,Tomato___Tomato_Yellow_Leaf_Curl_Virus,train\Tomato___Tomato_Yellow_Leaf_Curl_Virus\7dea7207-b67a-40ee-b79c-428a5c038e86___UF.GRC_YLCV_Lab 02340.JPG,train\Tomato___Tomato_Yellow_Leaf_Curl_Virus\9b1d4e4f-99b5-48ee-b8a2-964334b351a2___UF.GRC_YLCV_Lab 02351.JPG,,,True
0.9698021411895752,False,False,test--train,Tomato___Tomato_Yellow_Leaf_Curl_Virus,train\Tomato___Tomato_Yellow_Leaf_Curl_Virus\d1486e64-73a8-43a1-9997-11bcf42ceb6f___UF.GRC_YLCV_Lab 02163.JPG,train\Tomato___Tomato_Yellow_Leaf_Curl_Virus\14a66aa9-5876-41dd-a925-d9fad74146f9___UF.GRC_YLCV_Lab 02162.JPG,,,True
0.969792366027832,False,False,test--train,Tomato___Tomato_Yellow_Leaf_Curl_Virus,train\Tomato___Tomato_Yellow_Leaf_Curl_Virus\4f5f7643-a0aa-4dc4-ae00-a17097e949e9___UF.GRC_YLCV_Lab 03387.JPG,train\Tomato___Tomato_Yellow_Leaf_Curl_Virus\e2c016a2-b0e8-427a-82ac-852404990b33___UF.GRC_YLCV_Lab 03386.JPG,,,True
0.9697736501693726,False,False,test--train,Tomato___Tomato_Yellow_Leaf_Curl_Virus,train\Tomato___Tomato_Yellow_Leaf_Curl_Virus\075f6382-c728-4bef-a392-fa7a1cced69a___UF.GRC_YLCV_Lab 02054.JPG,train\Tomato___Tomato_Yellow_Leaf_Curl_Virus\6f22936e-2dac-423c-b046-aa1fe8a25978___UF.GRC_YLCV_Lab 02053.JPG,,,True
0.9695934653282166,False,False,train--validation,Squash___Powdery_mildew,val\Squash___Powdery_mildew\f854d14c-d043-4d42-be3e-8508c7f77576___UMD_Powd.M 9701.JPG,train\Squash___Powdery_mildew\a8c8e650-03ed-4b8a-a55a-e63c34806775___UMD_Powd.M 9698.JPG,,,True
0.969586968421936,False,False,test--train,Tomato___Tomato_Yellow_Leaf_Curl_Virus,train\Tomato___Tomato_Yellow_Leaf_Curl_Virus\b1d761df-93f9-47ee-88ac-590c7b85cc5b___UF.GRC_YLCV_Lab 09618.JPG,train\Tomato___Tomato_Yellow_Leaf_Curl_Virus\d3c1efbb-e4da-49c5-b850-a7ab2be78e32___UF.GRC_YLCV_Lab 09624.JPG,,,True
0.9694634675979614,False,False,test--train,Tomato___Late_blight,val\Tomato___Late_blight\29587a7b-a64d-4d2e-8fab-d0ec587e8ecd___GHLB2 Leaf 9081.JPG,train\Tomato___Late_blight\1e65a5c4-ba60-4edb-817c-c281d5a5e364___GHLB2 Leaf 9079.JPG,,,True
0.9694019556045532,False,False,test--train,Tomato___Tomato_Yellow_Leaf_Curl_Virus,train\Tomato___Tomato_Yellow_Leaf_Curl_Virus\3c02c2df-1258-4b7e-895e-df52cf864845___UF.GRC_YLCV_Lab 03350.JPG,val\Tomato___Tomato_Yellow_Leaf_Curl_Virus\ab062566-4f9f-4599-829d-e9e2b174ce6c___UF.GRC_YLCV_Lab 03351.JPG,,,True
0.9693533182144165,False,False,test--train,Grape___healthy,val\Grape___healthy\3c75e76c-2e1f-478f-aadc-f3decb68c9b0___Mt.N.V_HL 6108.JPG,train\Grape___healthy\2483db02-a7f8-4a09-8bd0-76dfcd130671___Mt.N.V_HL 6111.JPG,,,True
0.9693183898925781,False,False,train--validation,Tomato___Tomato_Yellow_Leaf_Curl_Virus,train\Tomato___Tomato_Yellow_Leaf_Curl_Virus\63097af7-7b38-4a90-ab57-2d6b150b859c___UF.GRC_YLCV_Lab 02088.JPG,train\Tomato___Tomato_Yellow_Leaf_Curl_Virus\a0913bb7-f133-470c-8fa7-8e77b7797206___UF.GRC_YLCV_Lab 02073.JPG,,,True
0.9692579507827759,False,False,test--train,Tomato___Tomato_Yellow_Leaf_Curl_Virus,train\Tomato___Tomato_Yellow_Leaf_Curl_Virus\1e83510e-18e7-4c6d-9223-3450766715c8___UF.GRC_YLCV_Lab 01939.JPG,train\Tomato___Tomato_Yellow_Leaf_Curl_Virus\24342d0b-36bf-45df-8a26-d4d748f52890___UF.GRC_YLCV_Lab 01940.JPG,,,True
0.9691480398178101,False,False,train--validation,Tomato___healthy,train\Tomato___healthy\0920bfd6-6c70-432b-be33-cccb6abb0f31___GH_HL Leaf 181.1.JPG,train\Tomato___healthy\9a97f632-a6a4-4a7e-9a82-90167fdf8fff___GH_HL Leaf 181.JPG,,,True
0.9689996838569641,False,False,test--train,Tomato___Tomato_Yellow_Leaf_Curl_Virus,train\Tomato___Tomato_Yellow_Leaf_Curl_Virus\1270c061-02e6-4853-8f09-4bb718e1fbca___UF.GRC_YLCV_Lab 01767.JPG,train\Tomato___Tomato_Yellow_Leaf_Curl_Virus\b1f03808-9162-4105-91a4-5db4a3596683___UF.GRC_YLCV_Lab 01774.JPG,,,True
0.9689991474151611,False,False,test--train,Tomato___Tomato_Yellow_Leaf_Curl_Virus,train\Tomato___Tomato_Yellow_Leaf_Curl_Virus\72003229-f8aa-4e84-b62e-3fde4a1651ed___UF.GRC_YLCV_Lab 02963.JPG,train\Tomato___Tomato_Yellow_Leaf_Curl_Virus\28df4dbd-4942-4323-9726-f1799df717d9___UF.GRC_YLCV_Lab 02955.JPG,,,True
0.9689828157424927,False,False,train--validation,Tomato___Tomato_Yellow_Leaf_Curl_Virus,val\Tomato___Tomato_Yellow_Leaf_Curl_Virus\d2403993-1d5e-41d7-9b49-c0c788ba158b___UF.GRC_YLCV_Lab 01521.JPG,train\Tomato___Tomato_Yellow_Leaf_Curl_Virus\f303696a-4ee0-41ab-803d-647edb08d6f9___UF.GRC_YLCV_Lab 01525.JPG,,,True
0.9689697027206421,False,False,test--validation,Grape___healthy,train\Grape___healthy\18fd5d50-f80c-426c-bfdb-5ca325065f24___Mt.N.V_HL 6024.JPG,val\Grape___healthy\369f23fe-c093-4655-a9f2-0aae0918eb26___Mt.N.V_HL 6102.JPG,,,True
0.9689364433288574,False,False,test--train,Tomato___Tomato_Yellow_Leaf_Curl_Virus,train\Tomato___Tomato_Yellow_Leaf_Curl_Virus\7466f105-337a-45c2-9c64-6507e6286131___UF.GRC_YLCV_Lab 02486.JPG,val\Tomato___Tomato_Yellow_Leaf_Curl_Virus\1d8627f3-55b7-46c6-8cae-af9737f11f79___UF.GRC_YLCV_Lab 02472.JPG,,,True
0.9689221382141113,False,False,test--train,Tomato___Tomato_Yellow_Leaf_Curl_Virus,val\Tomato___Tomato_Yellow_Leaf_Curl_Virus\fe2acc0b-2dab-4528-8238-5e81d1999fba___UF.GRC_YLCV_Lab 01553.JPG,train\Tomato___Tomato_Yellow_Leaf_Curl_Virus\c787226d-9c2c-436d-9f3d-e019cee60a69___UF.GRC_YLCV_Lab 01552.JPG,,,True
0.9688994884490967,False,False,test--train,Squash___Powdery_mildew,train\Squash___Powdery_mildew\d5ac7342-745a-460b-ba33-0544565caefc___UMD_Powd.M 9867.JPG,train\Squash___Powdery_mildew\0ee7cf91-f59f-40e1-89e8-a7bc4f0dab7f___UMD_Powd.M 9869.JPG,,,True
0.9688153862953186,False,False,test--train,Tomato___healthy,train\Tomato___healthy\d442075f-73bb-47a0-9545-9b36bca9300b___GH_HL Leaf 210.JPG,train\Tomato___healthy\ca4e96c1-9bf0-49fb-804f-c895905c0584___GH_HL Leaf 210.2.JPG,,,True
0.9688138365745544,False,False,test--train,Tomato___Tomato_Yellow_Leaf_Curl_Virus,train\Tomato___Tomato_Yellow_Leaf_Curl_Virus\8519e2d2-15b3-4d42-b22f-c5f67259d188___UF.GRC_YLCV_Lab 01573.JPG,train\Tomato___Tomato_Yellow_Leaf_Curl_Virus\d595528b-22f0-41e1-b639-c8f91830c759___UF.GRC_YLCV_Lab 01572.JPG,,,True
0.9687719941139221,False,False,test--train,Cherry_(including_sour)___healthy,val\Cherry_(including_sour)___healthy\8d8affc9-f724-4e95-827c-763d0e3cac90___JR_HL 9894 copy.JPG,train\Cherry_(including_sour)___healthy\dc3751b1-9e26-400b-9b08-ba9b9dd1f275___JR_HL 9490.JPG,Cherry_(including_sour)___healthy:::106.0,Cherry_(including_sour)___healthy:::48.0,False
0.968762993812561,False,False,train--validation,Tomato___Tomato_Yellow_Leaf_Curl_Virus,train\Tomato___Tomato_Yellow_Leaf_Curl_Virus\c04607d5-5ec0-4065-9428-61f78b5162dd___UF.GRC_YLCV_Lab 03123.JPG,train\Tomato___Tomato_Yellow_Leaf_Curl_Virus\e4ca3bba-f530-4b09-b751-5bd11c13b669___UF.GRC_YLCV_Lab 03122.JPG,,,True
0.9687366485595703,False,False,test--train,Corn_(maize)___healthy,train\Corn_(maize)___healthy\65deda93-1bde-4adc-a57e-b7e1b8372101___R.S_HL 0603.JPG,train\Corn_(maize)___healthy\7c28a1e2-08fb-406d-9fad-769be3096e85___R.S_HL 0603 copy 2.jpg,,,True
0.968719482421875,False,False,test--train,Tomato___Tomato_Yellow_Leaf_Curl_Virus,train\Tomato___Tomato_Yellow_Leaf_Curl_Virus\31e73942-fc80-481e-b047-1b240cd44d71___UF.GRC_YLCV_Lab 02612.JPG,val\Tomato___Tomato_Yellow_Leaf_Curl_Virus\5f2aaa59-4a61-4dde-bd0a-cc5d414d8d1a___UF.GRC_YLCV_Lab 02611.JPG,,,True
0.9685747027397156,False,False,test--train,Tomato___healthy,train\Tomato___healthy\9397ecfe-6f1f-47cf-8549-43711ec0e734___GH_HL Leaf 213.JPG,train\Tomato___healthy\67fb6b30-9542-4606-9438-da3e96b6a2d7___GH_HL Leaf 213.2.JPG,,,True
0.968567967414856,False,False,train--validation,Soybean___healthy,val\Soybean___healthy\aa96ebc3-9511-406f-9813-385a002dfba7___RS_HL 5679.JPG,train\Soybean___healthy\c1b8e227-f434-41ea-8bd5-11eeab5b2be6___RS_HL 5692.JPG,Soybean___healthy:::342.0,Soybean___healthy:::344.0,False
0.968518853187561,False,False,test--train,Tomato___Tomato_Yellow_Leaf_Curl_Virus,train\Tomato___Tomato_Yellow_Leaf_Curl_Virus\0db2eb04-b52c-4df9-9b3d-17bf58f03bc3___UF.GRC_YLCV_Lab 02967.JPG,train\Tomato___Tomato_Yellow_Leaf_Curl_Virus\28df4dbd-4942-4323-9726-f1799df717d9___UF.GRC_YLCV_Lab 02955.JPG,,,True
0.9684773087501526,False,False,train--validation,Tomato___healthy,val\Tomato___healthy\84b9dbb3-98bb-48b0-893f-74627840a2b9___GH_HL Leaf 225.JPG,val\Tomato___healthy\eb047146-6e86-44bf-a9b5-f668cb2f301b___GH_HL Leaf 225.1.JPG,,,True
0.9684499502182007,False,False,train--validation,Tomato___Tomato_Yellow_Leaf_Curl_Virus,val\Tomato___Tomato_Yellow_Leaf_Curl_Virus\15553f35-1de9-4218-8472-6382d2c69597___UF.GRC_YLCV_Lab 01809.JPG,train\Tomato___Tomato_Yellow_Leaf_Curl_Virus\d7f1f157-6e87-424a-8928-cc05c758cd5f___UF.GRC_YLCV_Lab 01808.JPG,,,True
0.9683808088302612,False,False,test--train,Grape___healthy,val\Grape___healthy\f6bca207-2928-4753-b867-ec5f25361334___Mt.N.V_HL 9113.JPG,train\Grape___healthy\2dacf3f7-797b-4d4c-bf77-1d1a8f6d965d___Mt.N.V_HL 9117.JPG,,,True
0.9683658480644226,False,False,test--train,Grape___healthy,train\Grape___healthy\22b7199f-581e-4330-b14f-4cb7b382340a___Mt.N.V_HL 6115.JPG,val\Grape___healthy\0cfdea92-260f-42b2-9db9-c31fee6ec567___Mt.N.V_HL 6119.JPG,,,True
0.9682942032814026,False,False,test--validation,Tomato___Tomato_Yellow_Leaf_Curl_Virus,train\Tomato___Tomato_Yellow_Leaf_Curl_Virus\51bd05fe-a50b-4bc1-aa3d-096a5621531d___UF.GRC_YLCV_Lab 01719.JPG,train\Tomato___Tomato_Yellow_Leaf_Curl_Virus\581f59a2-b6fb-44d0-ba64-db7a17c181d7___UF.GRC_YLCV_Lab 01718.JPG,,,True
0.9681453704833984,False,False,test--train,Tomato___Tomato_Yellow_Leaf_Curl_Virus,train\Tomato___Tomato_Yellow_Leaf_Curl_Virus\4ac1ce9a-350f-4101-9562-b0db390365ae___UF.GRC_YLCV_Lab 03384.JPG,train\Tomato___Tomato_Yellow_Leaf_Curl_Virus\e2c016a2-b0e8-427a-82ac-852404990b33___UF.GRC_YLCV_Lab 03386.JPG,,,True
0.9680143594741821,False,False,test--train,Cherry_(including_sour)___healthy,train\Cherry_(including_sour)___healthy\93c3cace-b855-4282-917b-8dcd30e8c1d7___JR_HL 9702.JPG,val\Cherry_(including_sour)___healthy\1aaf22a7-205a-40b1-b426-31a7ec9fc37a___JR_HL 9424.JPG,Cherry_(including_sour)___healthy:::77.0,Cherry_(including_sour)___healthy:::40.0,False
0.9679861664772034,False,False,test--train,Grape___healthy,train\Grape___healthy\a23b47a4-048d-4992-bc61-f3adec202543___Mt.N.V_HL 6113.JPG,train\Grape___healthy\dd8269de-653e-42c1-a787-cb9f537e6d10___Mt.N.V_HL 6112.JPG,,,True
0.9679781198501587,False,False,train--validation,Soybean___healthy,val\Soybean___healthy\1261f5a5-ee5e-4833-a8c2-bd744c6acd8c___RS_HL 6710.JPG,val\Soybean___healthy\cf5ca3c9-c6b8-4605-9746-d6a43faffbc3___RS_HL 6854.JPG,Soybean___healthy:::440.0,Soybean___healthy:::452.0,False
0.9679548144340515,False,False,train--validation,Tomato___Tomato_Yellow_Leaf_Curl_Virus,val\Tomato___Tomato_Yellow_Leaf_Curl_Virus\360ef8a2-719e-4a8c-8ed5-bfc1370f5b96___UF.GRC_YLCV_Lab 01519.JPG,train\Tomato___Tomato_Yellow_Leaf_Curl_Virus\452ec0ff-9e6f-4b1e-8c35-52601cafb9f7___UF.GRC_YLCV_Lab 01516.JPG,,,True
0.9678491353988647,False,False,test--train,Tomato___Tomato_Yellow_Leaf_Curl_Virus,train\Tomato___Tomato_Yellow_Leaf_Curl_Virus\bb1e3988-1c45-4b77-bdad-cc7c6585e505___UF.GRC_YLCV_Lab 03185.JPG,val\Tomato___Tomato_Yellow_Leaf_Curl_Virus\0d173b50-c743-4422-99d1-48a0069518db___UF.GRC_YLCV_Lab 03204.JPG,,,True
0.9677634835243225,False,False,test--train,Tomato___Tomato_Yellow_Leaf_Curl_Virus,val\Tomato___Tomato_Yellow_Leaf_Curl_Virus\32d4782a-b7df-40f5-95d0-2a6173627193___UF.GRC_YLCV_Lab 03281.JPG,train\Tomato___Tomato_Yellow_Leaf_Curl_Virus\c7248000-66d1-4be5-8db9-f29d3959e3c5___UF.GRC_YLCV_Lab 03279.JPG,,,True
0.9677577018737793,False,False,train--validation,Soybean___healthy,train\Soybean___healthy\97d5eac5-a52b-4918-a31d-a0e1371780f4___RS_HL 4488.JPG,train\Soybean___healthy\fa2eef33-32d2-4bbb-80b7-1abb54c18898___RS_HL 5059.JPG,Soybean___healthy:::200.0,Soybean___healthy:::262.0,False
0.9677237272262573,False,False,train--validation,Tomato___Late_blight,train\Tomato___Late_blight\902aed86-4d96-4a9b-9742-f01ae845c22c___GHLB2 Leaf 9037.JPG,train\Tomato___Late_blight\bbb807e9-9eef-4220-bbcd-9663542c0d4e___GHLB2 Leaf 9035.JPG,,,True
0.9677212834358215,False,False,test--train,Tomato___Tomato_Yellow_Leaf_Curl_Virus,train\Tomato___Tomato_Yellow_Leaf_Curl_Virus\1df98389-aa45-4b67-b2da-38642fe8841b___UF.GRC_YLCV_Lab 02295.JPG,train\Tomato___Tomato_Yellow_Leaf_Curl_Virus\2f682534-8b9b-42e8-9e24-b806d93d0747___UF.GRC_YLCV_Lab 02289.JPG,,,True
0.9676779508590698,False,False,test--train,Tomato___Tomato_Yellow_Leaf_Curl_Virus,train\Tomato___Tomato_Yellow_Leaf_Curl_Virus\aa09a964-bf49-4d83-a2d2-ac74f1331661___UF.GRC_YLCV_Lab 02438.JPG,train\Tomato___Tomato_Yellow_Leaf_Curl_Virus\9007c046-6863-4be1-8e88-98e02f6e113f___UF.GRC_YLCV_Lab 02449.JPG,,,True
0.9676645994186401,False,False,test--train,Grape___healthy,train\Grape___healthy\63e38ffd-dfb4-4fc0-aee2-0e6da78a9915___Mt.N.V_HL 6028.JPG,train\Grape___healthy\0163a6aa-fbf8-47c5-965f-59b6efe8bfe5___Mt.N.V_HL 6103.JPG,,,True
0.9675740003585815,False,False,test--train,Tomato___Tomato_Yellow_Leaf_Curl_Virus,train\Tomato___Tomato_Yellow_Leaf_Curl_Virus\89f4ab7d-764f-4df5-b244-51c50ce68836___UF.GRC_YLCV_Lab 01460.JPG,train\Tomato___Tomato_Yellow_Leaf_Curl_Virus\a193e214-3a19-410d-8467-63eafff67aea___UF.GRC_YLCV_Lab 01457.JPG,,,True
0.9675719738006592,False,False,test--train,Tomato___Tomato_Yellow_Leaf_Curl_Virus,val\Tomato___Tomato_Yellow_Leaf_Curl_Virus\cdb067df-5377-4fcf-8531-00d123621957___UF.GRC_YLCV_Lab 02182.JPG,train\Tomato___Tomato_Yellow_Leaf_Curl_Virus\96ed7022-a152-4f1d-b934-dca1949159d2___UF.GRC_YLCV_Lab 02183.JPG,,,True
0.9675391912460327,False,False,test--train,Tomato___Tomato_Yellow_Leaf_Curl_Virus,train\Tomato___Tomato_Yellow_Leaf_Curl_Virus\b379ab04-3780-4283-b388-2a038b773d79___UF.GRC_YLCV_Lab 01389.JPG,train\Tomato___Tomato_Yellow_Leaf_Curl_Virus\19ead445-c37c-4a22-b3fb-02510e66b553___UF.GRC_YLCV_Lab 01388.JPG,,,True
0.967532217502594,False,False,test--train,Tomato___Tomato_Yellow_Leaf_Curl_Virus,train\Tomato___Tomato_Yellow_Leaf_Curl_Virus\f41851ed-6a9b-432f-8974-8a1f1f1a9b33___UF.GRC_YLCV_Lab 03263.JPG,train\Tomato___Tomato_Yellow_Leaf_Curl_Virus\10fa4e01-9f51-4840-b432-d0027f547ccd___UF.GRC_YLCV_Lab 03252.JPG,,,True
0.9675225019454956,False,False,test--train,Grape___healthy,train\Grape___healthy\8bd312c9-5a9c-4ac7-ae60-cbc2600a23aa___Mt.N.V_HL 6128.JPG,train\Grape___healthy\244804b5-05e2-4372-a376-36a0655aff41___Mt.N.V_HL 6121.JPG,,,True
0.9674495458602905,False,False,test--train,Tomato___Tomato_Yellow_Leaf_Curl_Virus,train\Tomato___Tomato_Yellow_Leaf_Curl_Virus\884c75d8-4cb8-40d3-9730-8ece772595a0___UF.GRC_YLCV_Lab 09537.JPG,train\Tomato___Tomato_Yellow_Leaf_Curl_Virus\2cf77de4-b5cd-404b-8949-53c5687d3936___UF.GRC_YLCV_Lab 09541.JPG,,,True
0.9674353003501892,False,False,test--train,Tomato___healthy,val\Tomato___healthy\8a4dc6f9-2f54-4bdd-957f-d9fb709e1b26___GH_HL Leaf 302.1.JPG,train\Tomato___healthy\b8b8bef0-e86c-47ae-ba47-7912b10beffe___GH_HL Leaf 302.JPG,,,True
0.9674299955368042,False,False,test--train,Tomato___Tomato_Yellow_Leaf_Curl_Virus,train\Tomato___Tomato_Yellow_Leaf_Curl_Virus\f3182576-f0d3-4412-a4e1-45e143e360a0___UF.GRC_YLCV_Lab 02462.JPG,train\Tomato___Tomato_Yellow_Leaf_Curl_Virus\513e8592-6fca-4084-bd75-cc1b52bf45dd___UF.GRC_YLCV_Lab 02461.JPG,,,True
0.9674072861671448,False,False,test--train,Tomato___Tomato_Yellow_Leaf_Curl_Virus,train\Tomato___Tomato_Yellow_Leaf_Curl_Virus\a662a4ac-6f3d-4a2b-993e-448608bf97e3___UF.GRC_YLCV_Lab 01649.JPG,val\Tomato___Tomato_Yellow_Leaf_Curl_Virus\e40229f4-e9a0-41f8-9923-4dd79d10c975___UF.GRC_YLCV_Lab 01650.JPG,,,True
0.9673869609832764,False,False,train--validation,Tomato___Tomato_Yellow_Leaf_Curl_Virus,train\Tomato___Tomato_Yellow_Leaf_Curl_Virus\cd80eef1-7643-4b8c-9fc7-ab72d42288e8___UF.GRC_YLCV_Lab 02657.JPG,val\Tomato___Tomato_Yellow_Leaf_Curl_Virus\87f03c98-0901-4f4d-8a31-41c9260ff9b1___UF.GRC_YLCV_Lab 02658.JPG,,,True
0.9673048853874207,False,False,test--train,Tomato___healthy,train\Tomato___healthy\49a59716-84d4-44bd-b1c7-4571def5be12___GH_HL Leaf 421.JPG,val\Tomato___healthy\3367a9a6-6841-45db-bfa9-9b7b9fed0fa2___GH_HL Leaf 421.1.JPG,,,True
0.9671313166618347,False,False,train--validation,Grape___healthy,val\Grape___healthy\36add77f-5e02-41b0-97e7-b1c14f91acfc___Mt.N.V_HL 6120.JPG,val\Grape___healthy\0cfdea92-260f-42b2-9db9-c31fee6ec567___Mt.N.V_HL 6119.JPG,,,True
0.9669802188873291,False,False,train--validation,Tomato___Tomato_Yellow_Leaf_Curl_Virus,train\Tomato___Tomato_Yellow_Leaf_Curl_Virus\b8b58a05-6206-452c-82a6-1dc7f0bf0b69___UF.GRC_YLCV_Lab 02298.JPG,train\Tomato___Tomato_Yellow_Leaf_Curl_Virus\a4fa8e27-a175-4459-9a39-3082870f1ae7___UF.GRC_YLCV_Lab 02307.JPG,,,True
0.9669565558433533,False,False,test--train,Tomato___Tomato_Yellow_Leaf_Curl_Virus,val\Tomato___Tomato_Yellow_Leaf_Curl_Virus\b133856e-06a1-4268-8b99-8df8ec1018aa___UF.GRC_YLCV_Lab 01897.JPG,train\Tomato___Tomato_Yellow_Leaf_Curl_Virus\cbbbe636-6062-41fd-b130-94f1e4aa51a7___UF.GRC_YLCV_Lab 01896.JPG,,,True
0.966871976852417,False,False,test--train,Tomato___Tomato_Yellow_Leaf_Curl_Virus,train\Tomato___Tomato_Yellow_Leaf_Curl_Virus\fafa446d-bbd4-4fe2-a0a8-72472392548e___UF.GRC_YLCV_Lab 03233.JPG,train\Tomato___Tomato_Yellow_Leaf_Curl_Virus\3369c284-ac18-414e-809c-0096a8242fa0___UF.GRC_YLCV_Lab 03210.JPG,,,True
0.9668136835098267,False,False,test--train,Grape___healthy,val\Grape___healthy\369f23fe-c093-4655-a9f2-0aae0918eb26___Mt.N.V_HL 6102.JPG,train\Grape___healthy\2ad9b06e-ad3f-4da1-999b-fefe59ebf9e1___Mt.N.V_HL 6148.JPG,,,True
0.9667726755142212,False,False,train--validation,Tomato___healthy,val\Tomato___healthy\bc3ca9e1-86c1-4945-9993-c61a38a942ed___GH_HL Leaf 294.JPG,train\Tomato___healthy\6e3fca10-be50-4074-ada4-3122e864d4e0___GH_HL Leaf 294.1.JPG,,,True
0.9666610360145569,False,False,test--train,Tomato___Tomato_Yellow_Leaf_Curl_Virus,val\Tomato___Tomato_Yellow_Leaf_Curl_Virus\64031d02-1e3e-4f59-a5d6-108050ebe306___UF.GRC_YLCV_Lab 01568.JPG,train\Tomato___Tomato_Yellow_Leaf_Curl_Virus\539de84d-20c0-439b-a3b9-91a6fd3654f5___UF.GRC_YLCV_Lab 01571.JPG,,,True
0.9666057825088501,False,False,test--train,Soybean___healthy,train\Soybean___healthy\d1d34213-0585-409c-9475-6fc0af085c62___RS_HL 4928.JPG,train\Soybean___healthy\307e2931-1231-47f2-9e1e-121d766b9b60___RS_HL 5110.JPG,Soybean___healthy:::248.0,Soybean___healthy:::268.0,False
0.9666000604629517,False,False,test--train,Tomato___Tomato_Yellow_Leaf_Curl_Virus,train\Tomato___Tomato_Yellow_Leaf_Curl_Virus\128d599a-be46-4a8e-9845-cd9c15a27428___UF.GRC_YLCV_Lab 03205.JPG,val\Tomato___Tomato_Yellow_Leaf_Curl_Virus\0d173b50-c743-4422-99d1-48a0069518db___UF.GRC_YLCV_Lab 03204.JPG,,,True
0.966573178768158,False,False,test--train,Tomato___Tomato_Yellow_Leaf_Curl_Virus,val\Tomato___Tomato_Yellow_Leaf_Curl_Virus\72e55fdf-18d1-4dd6-832c-19d7815ecb4c___UF.GRC_YLCV_Lab 01841.JPG,train\Tomato___Tomato_Yellow_Leaf_Curl_Virus\a5416516-80f0-4004-88f6-186b79696707___UF.GRC_YLCV_Lab 01840.JPG,,,True
0.9665384292602539,False,False,train--validation,Tomato___healthy,val\Tomato___healthy\48cd0ef9-4e84-4f83-ad6b-e8ddc3eb6b3b___GH_HL Leaf 317.1.JPG,train\Tomato___healthy\55bcfcce-70f4-4634-8107-0a8207da2b14___GH_HL Leaf 317.2.JPG,,,True
0.9665087461471558,False,False,test--validation,Cherry_(including_sour)___healthy,train\Cherry_(including_sour)___healthy\b699f89c-87a3-4793-a721-60040fc42c4d___JR_HL 9659.JPG,train\Cherry_(including_sour)___healthy\0ce4ee15-d59b-4212-ab2a-8b6a07f3634f___JR_HL 9707.JPG,Cherry_(including_sour)___healthy:::71.0,Cherry_(including_sour)___healthy:::77.0,False
0.9664320945739746,False,False,test--train,Tomato___healthy,train\Tomato___healthy\4d82bf50-5e71-4597-8684-6db7300e0cd4___GH_HL Leaf 316.JPG,train\Tomato___healthy\c2c1758f-3576-4e8a-9853-5f11ac4d20d6___GH_HL Leaf 316.1.JPG,,,True
0.9664042592048645,False,False,train--validation,Tomato___Tomato_mosaic_virus,val\Tomato___Tomato_mosaic_virus\1349c403-c930-42be-9bfd-39a099c66f4a___PSU_CG 2328.JPG,val\Tomato___Tomato_mosaic_virus\5c049070-cf7f-4508-8e61-c5efb64bca3c___PSU_CG 2326.JPG,,,True
0.9662346839904785,False,False,test--train,Tomato___Tomato_Yellow_Leaf_Curl_Virus,train\Tomato___Tomato_Yellow_Leaf_Curl_Virus\a39053fb-74c8-489d-b0c1-8b27bdc7087c___UF.GRC_YLCV_Lab 02776.JPG,train\Tomato___Tomato_Yellow_Leaf_Curl_Virus\8c5a0930-b242-4e32-a039-3eb38d546755___UF.GRC_YLCV_Lab 02780.JPG,,,True
0.9662327766418457,False,False,train--validation,Tomato___healthy,train\Tomato___healthy\48ffe8ac-3cd7-4d15-a928-6775f657ddae___GH_HL Leaf 264.1.JPG,val\Tomato___healthy\6da1cf1b-a236-4d45-a390-dac6b65c45f7___GH_HL Leaf 264.JPG,,,True
0.9662230610847473,False,False,test--train,Tomato___healthy,train\Tomato___healthy\8ed42b66-acb0-42d9-a1d8-f624573e07d0___GH_HL Leaf 212.8.JPG,train\Tomato___healthy\7ee078a8-218e-4ebf-8935-ec9f844ab744___GH_HL Leaf 212.9.JPG,,,True
0.9661567211151123,False,False,test--train,Tomato___Tomato_Yellow_Leaf_Curl_Virus,train\Tomato___Tomato_Yellow_Leaf_Curl_Virus\cdb2a6c1-f03c-4d28-82a4-6e5c74e36b31___UF.GRC_YLCV_Lab 01800.JPG,train\Tomato___Tomato_Yellow_Leaf_Curl_Virus\9cabec91-ef67-4319-9cdf-e96668341536___UF.GRC_YLCV_Lab 01801.JPG,,,True
0.9661020636558533,False,False,train--validation,Tomato___Tomato_Yellow_Leaf_Curl_Virus,train\Tomato___Tomato_Yellow_Leaf_Curl_Virus\6bce316f-b15d-4d23-98b8-ab0e683df66d___UF.GRC_YLCV_Lab 02494.JPG,train\Tomato___Tomato_Yellow_Leaf_Curl_Virus\de775839-7363-47c7-bc42-7bff83af822a___UF.GRC_YLCV_Lab 02513.JPG,,,True
0.9660987854003906,False,False,train--validation,Tomato___Tomato_Yellow_Leaf_Curl_Virus,train\Tomato___Tomato_Yellow_Leaf_Curl_Virus\ddb77cd4-07b4-49bd-9381-1edc82531134___UF.GRC_YLCV_Lab 01696.JPG,train\Tomato___Tomato_Yellow_Leaf_Curl_Virus\9d91ea39-a652-4c2c-8eec-2ebbfa7dbd27___UF.GRC_YLCV_Lab 01695.JPG,,,True
0.9660303592681885,False,False,test--train,Tomato___Tomato_Yellow_Leaf_Curl_Virus,train\Tomato___Tomato_Yellow_Leaf_Curl_Virus\201357a8-d57c-4e89-9cbd-a90573bf0e82___UF.GRC_YLCV_Lab 03334.JPG,val\Tomato___Tomato_Yellow_Leaf_Curl_Virus\ab062566-4f9f-4599-829d-e9e2b174ce6c___UF.GRC_YLCV_Lab 03351.JPG,,,True
0.9659615159034729,False,False,train--validation,Tomato___healthy,train\Tomato___healthy\a3e61ed6-3c67-48d7-af39-9a69b2c5c7bc___GH_HL Leaf 250.1.JPG,val\Tomato___healthy\45a1a63e-d00e-434d-b1b8-5b14dcde5b1e___GH_HL Leaf 250.JPG,,,True
0.9658989906311035,False,False,test--train,Tomato___healthy,train\Tomato___healthy\6555b55c-78bc-4391-88ed-65b596fc7e76___GH_HL Leaf 441.JPG,train\Tomato___healthy\3e204d0d-cfdb-41a2-a68b-c3168305d099___GH_HL Leaf 441.1.JPG,,,True
0.9658974409103394,False,False,test--train,Tomato___Late_blight,train\Tomato___Late_blight\32482915-ead6-4e0e-8b3e-a14dd3546b0f___GHLB2 Leaf 8595.JPG,train\Tomato___Late_blight\75d24a6f-1c28-4e42-a7e7-8f8c496c22ce___GHLB2 Leaf 8594.JPG,,,True
0.9658646583557129,False,False,train--validation,Tomato___Tomato_Yellow_Leaf_Curl_Virus,train\Tomato___Tomato_Yellow_Leaf_Curl_Virus\3c934127-d85d-4eef-8449-ee7ee1a8a484___UF.GRC_YLCV_Lab 01448.JPG,train\Tomato___Tomato_Yellow_Leaf_Curl_Virus\5f631e3e-a073-4a3d-a2e0-0854892f10b2___UF.GRC_YLCV_Lab 01451.JPG,,,True
0.9658615589141846,False,False,test--train,Tomato___Tomato_Yellow_Leaf_Curl_Virus,val\Tomato___Tomato_Yellow_Leaf_Curl_Virus\d5c08505-2c0b-4a98-b9c2-2db14680823b___UF.GRC_YLCV_Lab 08456.JPG,train\Tomato___Tomato_Yellow_Leaf_Curl_Virus\9dbb9935-25fb-4e98-b1b1-be51c943d266___UF.GRC_YLCV_Lab 08455.JPG,,,True
0.9658266305923462,False,False,train--validation,Tomato___Tomato_Yellow_Leaf_Curl_Virus,train\Tomato___Tomato_Yellow_Leaf_Curl_Virus\af64830e-b094-4915-a2dc-c560886d4cff___UF.GRC_YLCV_Lab 03064.JPG,val\Tomato___Tomato_Yellow_Leaf_Curl_Virus\31104960-ccf3-41eb-a690-873b0663de4e___UF.GRC_YLCV_Lab 03056.JPG,,,True
0.9657108187675476,False,False,test--train,Orange___Haunglongbing_(Citrus_greening),train\Orange___Haunglongbing_(Citrus_greening)\6cb1ac51-ca87-4359-9508-82117cb144ff___CREC_HLB 5163.JPG,val\Orange___Haunglongbing_(Citrus_greening)\c4b93cd7-e6fb-4ded-bd91-9c736ef30855___CREC_HLB 5303.JPG,Orange___Haunglongbing_(Citrus_greening):::OCT_323.0,Orange___Haunglongbing_(Citrus_greening):::OCT_358.0,False
0.9656858444213867,False,False,test--train,Tomato___Tomato_Yellow_Leaf_Curl_Virus,val\Tomato___Tomato_Yellow_Leaf_Curl_Virus\fcdfc17c-1a1b-48df-8612-740f3a50fcbd___UF.GRC_YLCV_Lab 01892.JPG,train\Tomato___Tomato_Yellow_Leaf_Curl_Virus\594aa195-6f0d-4a40-9fa9-3ed0121cec94___UF.GRC_YLCV_Lab 01891.JPG,,,True
0.9656846523284912,False,False,test--train,Tomato___Tomato_Yellow_Leaf_Curl_Virus,train\Tomato___Tomato_Yellow_Leaf_Curl_Virus\2cc6d499-bf92-48c6-b0f9-6d9ef3c2f76e___UF.GRC_YLCV_Lab 03271.JPG,train\Tomato___Tomato_Yellow_Leaf_Curl_Virus\2456f394-fa5a-49fe-a277-1e349c05eeca___UF.GRC_YLCV_Lab 03283.JPG,,,True
0.9656645059585571,False,False,test--train,Tomato___Tomato_Yellow_Leaf_Curl_Virus,val\Tomato___Tomato_Yellow_Leaf_Curl_Virus\92993d98-9fe1-4299-98c9-c1cb1caa7a67___UF.GRC_YLCV_Lab 09346.JPG,train\Tomato___Tomato_Yellow_Leaf_Curl_Virus\2c01b2f4-fba8-43e1-bf26-8ea87cbe22b9___UF.GRC_YLCV_Lab 09350.JPG,,,True
0.965659499168396,False,False,test--train,Cherry_(including_sour)___healthy,val\Cherry_(including_sour)___healthy\bec69b31-ed99-4555-9bef-b9b851d968cc___JR_HL 9877.JPG,train\Cherry_(including_sour)___healthy\a5acd354-cbb4-42fb-ac89-4c2ee84955d6___JR_HL 9486.JPG,Cherry_(including_sour)___healthy:::102.0,Cherry_(including_sour)___healthy:::48.0,False
0.9656215310096741,False,False,test--train,Grape___healthy,train\Grape___healthy\6011c005-bfc9-44ff-b852-0b69a26aa5e6___Mt.N.V_HL 9131.JPG,val\Grape___healthy\393e4626-fd31-45aa-a67d-bb71837332ee___Mt.N.V_HL 9130.JPG,,,True
0.9655697345733643,False,False,train--validation,Tomato___healthy,val\Tomato___healthy\6ddb8b0b-5d74-4381-8787-6229de8d51fc___GH_HL Leaf 378.JPG,val\Tomato___healthy\711640b7-c013-4982-a5d9-c2d1d570048a___GH_HL Leaf 378.1.JPG,,,True
0.9655545949935913,False,False,test--train,Tomato___Tomato_Yellow_Leaf_Curl_Virus,train\Tomato___Tomato_Yellow_Leaf_Curl_Virus\4a5b0a30-27ff-400d-ad0c-0ee1e68df21b___UF.GRC_YLCV_Lab 02840.JPG,train\Tomato___Tomato_Yellow_Leaf_Curl_Virus\6ace723b-0967-4a62-80ca-222d240123f4___UF.GRC_YLCV_Lab 02830.JPG,,,True
0.9655367136001587,False,False,train--validation,Tomato___Tomato_Yellow_Leaf_Curl_Virus,val\Tomato___Tomato_Yellow_Leaf_Curl_Virus\70a033df-505a-4bce-bde0-04141df30e43___UF.GRC_YLCV_Lab 02706.JPG,train\Tomato___Tomato_Yellow_Leaf_Curl_Virus\08222fef-0e15-4e09-b0d7-931fda2af1b5___UF.GRC_YLCV_Lab 02691.JPG,,,True
0.9655165672302246,False,False,test--train,Raspberry___healthy,train\Raspberry___healthy\c60c527f-8221-4cd5-bd00-d6be8f860b23___Mary_HL 6373.JPG,val\Raspberry___healthy\bcb2779d-a894-410f-a45b-c46b8b2d3412___Mary_HL 9185.JPG,Raspberry___healthy:::18.0,Raspberry___healthy:::27.0,False
0.9654904007911682,False,False,test--train,Tomato___Tomato_Yellow_Leaf_Curl_Virus,train\Tomato___Tomato_Yellow_Leaf_Curl_Virus\104fc95d-88f5-4f2e-a3ea-bfcba37f6b9f___UF.GRC_YLCV_Lab 01854.JPG,train\Tomato___Tomato_Yellow_Leaf_Curl_Virus\4c773e62-28a8-4f16-a71f-7cdb1c5751e5___UF.GRC_YLCV_Lab 01855.JPG,,,True
0.9654858112335205,False,False,test--train,Soybean___healthy,train\Soybean___healthy\eda96839-51ec-4101-b2a3-1c5d7ee248ec___RS_HL 5905.JPG,train\Soybean___healthy\32fba72a-e941-4eea-b038-fe06dd732341___RS_HL 6164.JPG,Soybean___healthy:::371.0,Soybean___healthy:::392.0,False
0.9654484987258911,False,False,train--validation,Tomato___Tomato_Yellow_Leaf_Curl_Virus,train\Tomato___Tomato_Yellow_Leaf_Curl_Virus\112779d4-27f3-4c5e-8813-b64d26ef7e03___UF.GRC_YLCV_Lab 02860.JPG,train\Tomato___Tomato_Yellow_Leaf_Curl_Virus\47c0472a-30e5-4a29-bb15-39ac2052a262___UF.GRC_YLCV_Lab 02859.JPG,,,True
0.9654363393783569,False,False,train--validation,Orange___Haunglongbing_(Citrus_greening),train\Orange___Haunglongbing_(Citrus_greening)\30de0621-3565-4d4f-8401-8b955ba7e412___UF.Citrus_HLB_Lab 1482.JPG,train\Orange___Haunglongbing_(Citrus_greening)\cd98c69d-885a-4558-af3b-a23aef5b83ab___UF.Citrus_HLB_Lab 9982.JPG,Orange___Haunglongbing_(Citrus_greening):::94.0,Orange___Haunglongbing_(Citrus_greening):::146.0,False
0.9654356837272644,False,False,test--train,Tomato___Tomato_Yellow_Leaf_Curl_Virus,train\Tomato___Tomato_Yellow_Leaf_Curl_Virus\07d50744-753e-41f2-b637-99f2ff6c186d___UF.GRC_YLCV_Lab 01558.JPG,train\Tomato___Tomato_Yellow_Leaf_Curl_Virus\966393c2-cef5-4fe7-b6e2-e6f6b7cfac0a___UF.GRC_YLCV_Lab 01569.JPG,,,True
0.9654354453086853,False,False,test--train,Tomato___Late_blight,train\Tomato___Late_blight\830fab73-df27-4430-ba0a-2b638be3b6b4___GHLB2 Leaf 8946.JPG,train\Tomato___Late_blight\93c80433-e24f-4b39-9f44-10141243b588___GHLB2 Leaf 8940.JPG,,,True
0.9654107689857483,False,False,test--validation,Tomato___Late_blight,val\Tomato___Late_blight\29eb16c9-e283-46f3-b373-4cfb2cd511d2___GHLB2 Leaf 9055.JPG,train\Tomato___Late_blight\a01034d4-69a1-4a6f-b05a-9561acba2ff2___GHLB2 Leaf 9057.JPG,,,True
0.9653970003128052,False,False,test--train,Tomato___Tomato_Yellow_Leaf_Curl_Virus,train\Tomato___Tomato_Yellow_Leaf_Curl_Virus\1fab93a9-7b17-483d-9b6e-02a166cbfc36___UF.GRC_YLCV_Lab 08442.JPG,val\Tomato___Tomato_Yellow_Leaf_Curl_Virus\5fbeb2d7-857c-4983-9f70-925451dc3a57___UF.GRC_YLCV_Lab 08443.JPG,,,True
0.9653687477111816,False,False,train--validation,Corn_(maize)___Northern_Leaf_Blight,train\Corn_(maize)___Northern_Leaf_Blight\4a8adf2a-73d4-4555-8621-1292de40b194___RS_NLB 3547.JPG,train\Corn_(maize)___Northern_Leaf_Blight\7b45e9ce-9199-4f4f-9831-ef52e7c61816___RS_NLB 3547 copy 2.jpg,,,True
0.9653650522232056,False,False,test--train,Tomato___healthy,train\Tomato___healthy\d688345e-4491-4f31-b2f4-d9111a12c2dd___GH_HL Leaf 288.JPG,train\Tomato___healthy\2e4b9ef4-4ee8-4a50-aac0-de7c001f36d4___GH_HL Leaf 288.1.JPG,,,True
0.9653054475784302,False,False,train--validation,Tomato___Tomato_Yellow_Leaf_Curl_Virus,train\Tomato___Tomato_Yellow_Leaf_Curl_Virus\09fc89d4-fffc-4a3b-aa4d-26b0ee5610c8___UF.GRC_YLCV_Lab 02107.JPG,train\Tomato___Tomato_Yellow_Leaf_Curl_Virus\8e2f397f-3ebe-4b51-964b-e5d5372e0a8b___UF.GRC_YLCV_Lab 02095.JPG,,,True
0.9653050303459167,False,False,train--validation,Soybean___healthy,train\Soybean___healthy\669ddba0-ae8e-4d23-b4b0-afaabac32e68___RS_HL 6209.JPG,train\Soybean___healthy\17aad5a3-8b51-4190-8d79-9a875e9df729___RS_HL 6166.JPG,Soybean___healthy:::395.0,Soybean___healthy:::392.0,False
0.9652809500694275,False,False,test--validation,Tomato___Tomato_Yellow_Leaf_Curl_Virus,train\Tomato___Tomato_Yellow_Leaf_Curl_Virus\3a389749-e245-4308-a1c6-a4d872e2833c___UF.GRC_YLCV_Lab 02871.JPG,train\Tomato___Tomato_Yellow_Leaf_Curl_Virus\40e7fe81-36f4-4810-ac4b-5d0da240880f___UF.GRC_YLCV_Lab 02864.JPG,,,True
0.9651638865470886,False,False,test--train,Soybean___healthy,train\Soybean___healthy\fde813a6-fdf0-4cdd-935a-02a7fe012d51___RS_HL 6307.JPG,train\Soybean___healthy\2bf1a7ed-f82a-4906-a2a7-4b8d6e813300___RS_HL 6319.JPG,Soybean___healthy:::403.0,Soybean___healthy:::404.0,False
0.9651552438735962,False,False,test--train,Tomato___Tomato_Yellow_Leaf_Curl_Virus,train\Tomato___Tomato_Yellow_Leaf_Curl_Virus\4857c174-710f-4a0e-a3df-74b8a15bc081___UF.GRC_YLCV_Lab 02543.JPG,train\Tomato___Tomato_Yellow_Leaf_Curl_Virus\9244f1d0-c42b-49aa-99cf-eb2830a09939___UF.GRC_YLCV_Lab 02559.JPG,,,True
0.9651514291763306,False,False,test--train,Grape___healthy,train\Grape___healthy\9ac144cb-3abc-404d-a796-bd7904277da5___Mt.N.V_HL 6105.JPG,train\Grape___healthy\244804b5-05e2-4372-a376-36a0655aff41___Mt.N.V_HL 6121.JPG,,,True
0.9651228189468384,False,False,train--validation,Tomato___Tomato_Yellow_Leaf_Curl_Virus,train\Tomato___Tomato_Yellow_Leaf_Curl_Virus\b0c09bba-f23e-451e-9b1a-24cbb5878c47___UF.GRC_YLCV_Lab 09356.JPG,train\Tomato___Tomato_Yellow_Leaf_Curl_Virus\31db3c10-db84-4e28-bc62-e929743a331f___UF.GRC_YLCV_Lab 09357.JPG,,,True
0.9650973677635193,False,False,test--train,Grape___healthy,train\Grape___healthy\0ca59865-f0d2-4863-b4d1-a6690de53a5a___Mt.N.V_HL 6025.JPG,train\Grape___healthy\f229b33f-2257-49a7-a135-17d0ef3ca46b___Mt.N.V_HL 6033.JPG,,,True
0.9650748372077942,False,False,train--validation,Tomato___Tomato_Yellow_Leaf_Curl_Virus,train\Tomato___Tomato_Yellow_Leaf_Curl_Virus\823ab9b4-abda-4814-8e3b-9f4d3d5034ca___UF.GRC_YLCV_Lab 02526.JPG,val\Tomato___Tomato_Yellow_Leaf_Curl_Virus\0c1943b0-e26d-451b-921f-b1127fa9c56d___UF.GRC_YLCV_Lab 02523.JPG,,,True
0.9650579690933228,False,False,train--validation,Grape___healthy,train\Grape___healthy\daf0e2e3-1d2b-4fcf-9dba-1ffa7605766e___Mt.N.V_HL 6210.JPG,train\Grape___healthy\c03ffb41-c3a8-437f-9ee4-023d2d795500___Mt.N.V_HL 6212.JPG,,,True
0.9650259017944336,False,False,test--train,Soybean___healthy,train\Soybean___healthy\bb7287ae-00ea-4a9e-9bca-ffc3f92e25a8___RS_HL 5916.JPG,train\Soybean___healthy\1b1cb98e-7297-463b-995b-e536aa3b699e___RS_HL 6343.JPG,Soybean___healthy:::371.0,Soybean___healthy:::406.0,False
0.9649969935417175,False,False,test--validation,Tomato___Tomato_Yellow_Leaf_Curl_Virus,train\Tomato___Tomato_Yellow_Leaf_Curl_Virus\e973fad7-1bde-4155-8b47-2c6e732bbdf2___UF.GRC_YLCV_Lab 01764.JPG,train\Tomato___Tomato_Yellow_Leaf_Curl_Virus\1270c061-02e6-4853-8f09-4bb718e1fbca___UF.GRC_YLCV_Lab 01767.JPG,,,True
0.964995265007019,False,False,test--train,Tomato___Tomato_Yellow_Leaf_Curl_Virus,train\Tomato___Tomato_Yellow_Leaf_Curl_Virus\6f40ff2f-54a5-47b1-afbd-89556ea5a08d___UF.GRC_YLCV_Lab 02832.JPG,train\Tomato___Tomato_Yellow_Leaf_Curl_Virus\ac7704c1-81cd-4188-b193-efb3cd93a4f4___UF.GRC_YLCV_Lab 02841.JPG,,,True
0.9649901986122131,False,False,test--validation,Tomato___Tomato_Yellow_Leaf_Curl_Virus,train\Tomato___Tomato_Yellow_Leaf_Curl_Virus\f687eae8-3b47-49e9-a63c-714318ddea7f___UF.GRC_YLCV_Lab 02482.JPG,train\Tomato___Tomato_Yellow_Leaf_Curl_Virus\1d89e540-4dc1-442f-a5d8-b44bb5100bda___UF.GRC_YLCV_Lab 02480.JPG,,,True
0.9649680256843567,False,False,test--train,Tomato___healthy,train\Tomato___healthy\5d1894ec-b384-4a2a-951c-0ef866776500___GH_HL Leaf 523.4.JPG,train\Tomato___healthy\8858ed06-2e1b-4a4a-bd16-e4425ae62312___GH_HL Leaf 523.1.JPG,,,True
0.9649369716644287,False,False,train--validation,Grape___healthy,train\Grape___healthy\18fd5d50-f80c-426c-bfdb-5ca325065f24___Mt.N.V_HL 6024.JPG,val\Grape___healthy\0cfdea92-260f-42b2-9db9-c31fee6ec567___Mt.N.V_HL 6119.JPG,,,True
0.9649361371994019,False,False,test--train,Tomato___healthy,train\Tomato___healthy\7e3c7e5d-172c-4a25-ad05-2b32e49c7bd2___GH_HL Leaf 387.JPG,train\Tomato___healthy\fccb58ad-1644-403e-851b-dd3a27c893ef___GH_HL Leaf 387.1.JPG,,,True
0.9647920727729797,False,False,train--validation,Cherry_(including_sour)___healthy,train\Cherry_(including_sour)___healthy\b699f89c-87a3-4793-a721-60040fc42c4d___JR_HL 9659.JPG,train\Cherry_(including_sour)___healthy\33641b67-ce5a-475d-bc5d-50d276c5b9f3___JR_HL 9742.JPG,Cherry_(including_sour)___healthy:::71.0,Cherry_(including_sour)___healthy:::82.0,False
0.9647889137268066,False,False,train--validation,Tomato___Tomato_Yellow_Leaf_Curl_Virus,val\Tomato___Tomato_Yellow_Leaf_Curl_Virus\1a804c91-77ce-4688-9786-0464b82aa992___UF.GRC_YLCV_Lab 01869.JPG,train\Tomato___Tomato_Yellow_Leaf_Curl_Virus\c3a1438c-99cf-4b34-bbf4-a1b4466878ea___UF.GRC_YLCV_Lab 01866.JPG,,,True
0.9647876024246216,False,False,test--train,Tomato___Tomato_Yellow_Leaf_Curl_Virus,train\Tomato___Tomato_Yellow_Leaf_Curl_Virus\15fedefd-8147-4e84-9706-0d4cc084d1ef___UF.GRC_YLCV_Lab 02253.JPG,train\Tomato___Tomato_Yellow_Leaf_Curl_Virus\9b5f5c21-67da-4eb5-9625-567e22d15cbc___UF.GRC_YLCV_Lab 02254.JPG,,,True
0.9647654891014099,False,False,test--train,Tomato___Tomato_Yellow_Leaf_Curl_Virus,train\Tomato___Tomato_Yellow_Leaf_Curl_Virus\fccb5316-87ef-4bc5-a122-feb437bb757e___UF.GRC_YLCV_Lab 02613.JPG,val\Tomato___Tomato_Yellow_Leaf_Curl_Virus\5f2aaa59-4a61-4dde-bd0a-cc5d414d8d1a___UF.GRC_YLCV_Lab 02611.JPG,,,True
0.964743435382843,False,False,test--train,Tomato___Tomato_mosaic_virus,train\Tomato___Tomato_mosaic_virus\847307bc-58ab-45fc-8001-f1e07a38bc82___PSU_CG 2065.JPG,train\Tomato___Tomato_mosaic_virus\8e59061b-3802-4297-8724-a001efb95268___PSU_CG 2064.JPG,,,True
0.9647431373596191,False,False,test--validation,Corn_(maize)___healthy,val\Corn_(maize)___healthy\2a46f1cb-9c54-481c-a61f-d3729d5cfc3e___R.S_HL 8315 copy.jpg,train\Corn_(maize)___healthy\4ae99990-fe39-4a48-bdec-5ed4b1e0ea5c___R.S_HL 8316 copy 2.jpg,,,True
0.964727520942688,False,False,train--validation,Soybean___healthy,train\Soybean___healthy\bab94654-ff11-4a5a-8278-891945c19e04___RS_HL 2971.JPG,train\Soybean___healthy\9632702e-e6e1-4c86-afac-60acd211b553___RS_HL 2883.JPG,Soybean___healthy:::33.0,Soybean___healthy:::23.0,False
0.9647186994552612,False,False,test--train,Blueberry___healthy,val\Blueberry___healthy\343c75ef-7bf4-4cf9-bf06-4f89c6dd94af___RS_HL 5215.JPG,train\Blueberry___healthy\a34b8c7e-7003-48cf-916e-7713b02ef6ab___RS_HL 5213.JPG,Blueberry___healthy:::140.0,Blueberry___healthy:::139.0,False
0.9646981954574585,False,False,test--train,Soybean___healthy,val\Soybean___healthy\4338652a-fa2c-4b20-b721-46bc5bc2269c___RS_HL 6312.JPG,train\Soybean___healthy\df9f651c-3484-47a2-9fc3-a13fcfed37c5___RS_HL 6324.JPG,Soybean___healthy:::403.0,Soybean___healthy:::404.0,False
0.9646836519241333,False,False,train--validation,Tomato___Tomato_Yellow_Leaf_Curl_Virus,train\Tomato___Tomato_Yellow_Leaf_Curl_Virus\3a389749-e245-4308-a1c6-a4d872e2833c___UF.GRC_YLCV_Lab 02871.JPG,val\Tomato___Tomato_Yellow_Leaf_Curl_Virus\83bd57f8-9061-4b1d-ac71-b426f16c7be6___UF.GRC_YLCV_Lab 02870.JPG,,,True
0.9646288156509399,False,False,test--train,Tomato___Tomato_Yellow_Leaf_Curl_Virus,train\Tomato___Tomato_Yellow_Leaf_Curl_Virus\21c74488-b442-4f56-8bc7-80fc49bda969___UF.GRC_YLCV_Lab 09500.JPG,train\Tomato___Tomato_Yellow_Leaf_Curl_Virus\c2f4cf95-b170-4bff-b96b-99777d05bbaa___UF.GRC_YLCV_Lab 09499.JPG,,,True
0.964619517326355,False,False,train--validation,Tomato___Tomato_Yellow_Leaf_Curl_Virus,train\Tomato___Tomato_Yellow_Leaf_Curl_Virus\01cc37b3-ab08-44bc-be70-7f14b610f011___UF.GRC_YLCV_Lab 09617.JPG,val\Tomato___Tomato_Yellow_Leaf_Curl_Virus\e9f64fc0-e43b-4045-be18-b00d3758958f___UF.GRC_YLCV_Lab 09613.JPG,,,True
